account_status,allocated_losses,amortisation_type,arrears_balance,borrower_identifier,collateral_currency,collateral_type,credit_impaired_obligor,cumulative_recoveries,current_interest_rate,current_interest_rate_index,current_interest_rate_index_tenor,current_interest_rate_margin,current_loan_to_value,current_principal_balance,current_valuation_amount,current_valuation_date,current_valuation_method,data_cut_off_date,date_of_repurchase,default_amount,default_date,deposit_amount,employment_status,exposure_currency_denomination,geographic_region_classification,geographic_region_obligor,interest_rate_cap,interest_rate_floor,interest_rate_reset_interval,interest_rate_type,litigation,loan_identifier,maturity_date,new_collateral_identifier,new_obligor_identifier,new_underlying_exposure_identifier,number_of_days_in_arrears,occupancy_type,original_collateral_identifier,original_loan_to_value,original_obligor_identifier,original_principal_balance,original_underlying_exposure_identifier,origination_channel,origination_date,originator_legal_entity_identifier,originator_name,payment_due,pool_addition_date,prepayment_fee,principal_grace_period_end_date,property_post_code,property_type,purchase_price,purpose,redemption_date,resident,scheduled_interest_payment_frequency,scheduled_principal_payment_frequency,total_credit_limit,underlying_exposure_identifier,unique_identifier,youngest_borrower_age
Active,0,Interest roll-up,0,,GBP,manual,N,0,7.108,SONIA,1M,0,0.3577,"177,334.06","468,000",2026-01-31,Full survey,2026-01-31,2025-01-31,0,,0,manual,GBP,West Midlands,West Midlands,15,0,12,manual,N,DEMO-0001,2043-06-07,DEMO-0001-COLL-N,OBL-0001,DEMO-0001-N,0,Owner Occupied,DEMO-0001-COLL-O,0.346,OBO-0001,"161,928.00",DEMO-0001,Direct,2025-06-07,,,0,2025-01-31,0,2025-12-31,B1 1AA,manual,"468,000",manual,,Y,Monthly,Quarterly,"170,024.40",DEMO-0001,SYN-UID-0001,77
Active,0,Interest roll-up,0,,GBP,manual,N,0,8.719,SONIA,1M,0,0.4695,"171,008.53","359,000",2026-01-31,Full survey,2026-01-31,2025-01-31,0,,0,manual,GBP,East Midlands,East Midlands,15,0,12,manual,N,DEMO-0002,2042-02-26,DEMO-0002-COLL-N,OBL-0002,DEMO-0002-N,0,Owner Occupied,DEMO-0002-COLL-O,0.4471,OBO-0002,"160,508.90",DEMO-0002,IFA,2024-02-26,,,0,2025-01-31,0,2025-12-31,NG1 5FS,manual,"359,000",manual,,Y,Monthly,Quarterly,"168,534.35",DEMO-0002,SYN-UID-0002,74
Active,0,Interest roll-up,0,,GBP,manual,N,0,8.014,SONIA,1M,0,0.3381,"79,698.36","234,000",2026-01-31,Full survey,2026-01-31,2025-01-31,0,,0,manual,GBP,Wales,Wales,15,0,12,manual,N,DEMO-0003,2043-04-26,DEMO-0003-COLL-N,OBL-0003,DEMO-0003-N,0,Owner Occupied,DEMO-0003-COLL-O,0.3546,OBO-0003,"82,976.40",DEMO-0003,Direct,2025-04-26,,,0,2025-01-31,0,2025-12-31,CF10 1EP,manual,"234,000",manual,,Y,Monthly,Quarterly,"87,125.22",DEMO-0003,SYN-UID-0003,74
Active,0,Interest roll-up,0,,GBP,manual,N,0,8.213,SONIA,1M,0,0.4745,"196,804.85","392,000",2026-01-31,Full survey,2026-01-31,2025-01-31,0,,0,manual,GBP,Yorkshire and The Humber,Yorkshire and The Humber,15,0,12,manual,N,DEMO-0004,2043-11-15,DEMO-0004-COLL-N,OBL-0004,DEMO-0004-N,0,Owner Occupied,DEMO-0004-COLL-O,0.4756,OBO-0004,"186,435.20",DEMO-0004,Direct,2025-11-15,,,0,2025-01-31,0,2025-12-31,LS1 4AP,manual,"392,000",manual,,Y,Monthly,Quarterly,"195,756.96",DEMO-0004,SYN-UID-0004,69
Active,0,Interest roll-up,0,,GBP,manual,N,0,6.867,SONIA,1M,0,0.502,"259,110.87","499,000",2026-01-31,Full survey,2026-01-31,2025-01-31,0,,0,manual,GBP,South West,South West,15,0,12,manual,N,DEMO-0005,2043-01-15,DEMO-0005-COLL-N,OBL-0005,DEMO-0005-N,0,Owner Occupied,DEMO-0005-COLL-O,0.4738,OBO-0005,"236,426.20",DEMO-0005,Broker,2025-01-15,,,0,2025-01-31,0,2025-12-31,BS1 5AH,manual,"499,000",manual,,Y,Monthly,Quarterly,"248,247.51",DEMO-0005,SYN-UID-0005,78
Active,0,Interest roll-up,0,,GBP,manual,N,0,6.441,SONIA,1M,0,0.5434,"175,963.41","323,000",2026-01-31,Full survey,2026-01-31,2025-01-31,0,,0,manual,GBP,Wales,Wales,15,0,12,manual,N,DEMO-0006,2043-07-22,DEMO-0006-COLL-N,OBL-0006,DEMO-0006-N,0,Owner Occupied,DEMO-0006-COLL-O,0.5162,OBO-0006,"166,732.60",DEMO-0006,Direct,2025-07-22,,,0,2025-01-31,0,2025-12-31,CF10 1EP,manual,"323,000",manual,,Y,Monthly,Quarterly,"175,069.23",DEMO-0006,SYN-UID-0006,78
Active,0,Interest roll-up,0,,GBP,manual,N,0,9.001,SONIA,1M,0,0.3274,"71,985.73","205,000",2026-01-31,Full survey,2026-01-31,2025-01-31,0,,0,manual,GBP,South East,South East,15,0,12,manual,N,DEMO-0007,2042-09-02,DEMO-0007-COLL-N,OBL-0007,DEMO-0007-N,0,Owner Occupied,DEMO-0007-COLL-O,0.325,OBO-0007,"66,625.00",DEMO-0007,Direct,2024-09-02,,,0,2025-01-31,0,2025-12-31,RG1 2DP,manual,"205,000",manual,,Y,Monthly,Quarterly,"69,956.25",DEMO-0007,SYN-UID-0007,81
Active,0,Interest roll-up,0,,GBP,manual,N,0,8.468,SONIA,1M,0,0.3891,"241,907.53","556,000",2026-01-31,Full survey,2026-01-31,2025-01-31,0,,0,manual,GBP,London,London,15,0,12,manual,N,DEMO-0008,2043-06-25,DEMO-0008-COLL-N,OBL-0008,DEMO-0008-N,0,Owner Occupied,DEMO-0008-COLL-O,0.3976,OBO-0008,"221,065.60",DEMO-0008,Direct,2025-06-25,,,0,2025-01-31,0,2025-12-31,SW1A 1AA,manual,"556,000",manual,,Y,Monthly,Quarterly,"232,118.88",DEMO-0008,SYN-UID-0008,65
Redeemed,0,Interest roll-up,0,,GBP,manual,N,0,6.974,SONIA,1M,0,0.3348,"56,207.24","179,000",2026-01-31,Full survey,2026-01-31,2025-01-31,0,,0,manual,GBP,North West,North West,15,0,12,manual,N,DEMO-0009,2043-11-15,DEMO-0009-COLL-N,OBL-0009,DEMO-0009-N,15,Owner Occupied,DEMO-0009-COLL-O,0.3122,OBO-0009,"55,883.80",DEMO-0009,IFA,2025-11-15,,,0,2025-01-31,0,2025-12-31,M1 1AE,manual,"179,000",manual,2025-12-15,Y,Monthly,Quarterly,"58,677.99",DEMO-0009,SYN-UID-0009,60
Active,0,Interest roll-up,0,,GBP,manual,N,0,7.28,SONIA,1M,0,0.4493,"198,435.68","407,000",2026-01-31,Full survey,2026-01-31,2025-01-31,0,,0,manual,GBP,South West,South West,15,0,12,manual,N,DEMO-0010,2042-08-18,DEMO-0010-COLL-N,OBL-0010,DEMO-0010-N,0,Owner Occupied,DEMO-0010-COLL-O,0.4648,OBO-0010,"189,173.60",DEMO-0010,Direct,2024-08-18,,,0,2025-01-31,0,2025-12-31,BS1 5AH,manual,"407,000",manual,,Y,Monthly,Quarterly,"198,632.28",DEMO-0010,SYN-UID-0010,78
Active,0,Interest roll-up,0,,GBP,manual,N,0,6.577,SONIA,1M,0,0.4701,"184,170.38","423,000",,Full survey,2026-01-31,2025-01-31,0,,0,manual,GBP,London,London,15,0,12,manual,N,DEMO-0011,2042-03-28,DEMO-0011-COLL-N,OBL-0011,DEMO-0011-N,0,Owner Occupied,DEMO-0011-COLL-O,0.4353,OBO-0011,"184,131.90",DEMO-0011,Broker,2024-03-28,,,0,2025-01-31,0,2025-12-31,SW1A 1AA,manual,"423,000",manual,,Y,Monthly,Quarterly,"193,338.49",DEMO-0011,SYN-UID-0011,82
Active,0,Interest roll-up,0,,GBP,manual,N,0,5.996,SONIA,1M,0,0.2789,"99,934.01","327,000",2026-01-31,Full survey,2026-01-31,2025-01-31,0,,0,manual,GBP,London,London,15,0,12,manual,N,DEMO-0012,2042-04-11,DEMO-0012-COLL-N,OBL-0012,DEMO-0012-N,0,Owner Occupied,DEMO-0012-COLL-O,0.2863,OBO-0012,"93,620.10",DEMO-0012,Direct,2024-04-11,,,0,2025-01-31,0,2025-12-31,SW1A 1AA,manual,"327,000",manual,,Y,Monthly,Quarterly,"98,301.11",DEMO-0012,SYN-UID-0012,74
Active,0,Interest roll-up,0,,GBP,manual,N,0,6.021,SONIA,1M,0,0.5273,"157,116.28","284,000",2026-01-31,Full survey,2026-01-31,2025-01-31,0,,0,manual,GBP,South East,South East,15,0,12,manual,N,DEMO-0013,2043-02-16,DEMO-0013-COLL-N,OBL-0013,DEMO-0013-N,0,Owner Occupied,DEMO-0013-COLL-O,0.5252,OBO-0013,"149,156.80",DEMO-0013,Broker,2025-02-16,,,0,2025-01-31,0,2025-12-31,RG1 2DP,manual,"284,000",manual,,Y,Monthly,Quarterly,"156,614.64",DEMO-0013,SYN-UID-0013,63
Active,0,Interest roll-up,0,,GBP,manual,N,0,7.221,SONIA,1M,0,0.5095,"87,069.68","168,000",2026-01-31,Full survey,2026-01-31,2025-01-31,0,,0,manual,GBP,East of England,East of England,15,0,12,manual,N,DEMO-0014,2043-03-13,DEMO-0014-COLL-N,OBL-0014,DEMO-0014-N,0,Owner Occupied,DEMO-0014-COLL-O,0.4868,OBO-0014,"81,782.40",DEMO-0014,IFA,2025-03-13,,,0,2025-01-31,0,2025-12-31,CB2 1TN,manual,"168,000",manual,,Y,Monthly,Quarterly,"85,871.52",DEMO-0014,SYN-UID-0014,80
Active,0,Interest roll-up,0,,GBP,manual,N,0,7.923,SONIA,1M,0,0.488,"87,602.90","173,000",2026-01-31,Full survey,2026-01-31,2025-01-31,0,,0,manual,GBP,East of England,East of England,15,0,12,manual,N,DEMO-0015,2042-12-15,DEMO-0015-COLL-N,OBL-0015,DEMO-0015-N,0,Owner Occupied,DEMO-0015-COLL-O,0.5018,OBO-0015,"86,811.40",DEMO-0015,Direct,2024-12-15,,,0,2025-01-31,0,2025-12-31,CB2 1TN,manual,"173,000",manual,,Y,Monthly,Quarterly,"91,151.97",DEMO-0015,SYN-UID-0015,78
Active,0,Interest roll-up,0,,GBP,manual,N,0,6.067,SONIA,1M,0,0.3246,"62,140.19","199,000",2026-01-31,Full survey,2026-01-31,2025-01-31,0,,0,manual,GBP,Yorkshire and The Humber,Yorkshire and The Humber,15,0,12,manual,N,DEMO-0016,2043-11-15,DEMO-0016-COLL-N,OBL-0016,DEMO-0016-N,0,Owner Occupied,DEMO-0016-COLL-O,0.2995,OBO-0016,"59,600.50",DEMO-0016,IFA,2025-11-15,,,0,2025-01-31,0,2025-12-31,LS1 4AP,manual,"199,000",manual,,Y,Monthly,Quarterly,"62,580.53",DEMO-0016,SYN-UID-0016,62
Active,0,Interest roll-up,0,,GBP,manual,N,0,8.611,SONIA,1M,0,0.3766,"167,812.69","478,000",2026-01-31,Full survey,2026-01-31,2025-01-31,0,,0,manual,GBP,East of England,East of England,15,0,12,manual,N,DEMO-0017,2043-07-25,DEMO-0017-COLL-N,OBL-0017,DEMO-0017-N,0,Owner Occupied,DEMO-0017-COLL-O,0.3521,OBO-0017,"168,303.80",DEMO-0017,IFA,2025-07-25,,,0,2025-01-31,0,2025-12-31,CB2 1TN,manual,"478,000",manual,,Y,Monthly,Quarterly,"176,718.99",DEMO-0017,SYN-UID-0017,74
Active,0,Interest roll-up,0,,GBP,manual,N,0,6.934,SONIA,1M,0,0.3329,"71,157.63","228,000",2026-01-31,Full survey,2026-01-31,2025-01-31,0,,0,manual,GBP,South East,South East,15,0,12,manual,N,DEMO-0018,2042-06-22,DEMO-0018-COLL-N,OBL-0018,DEMO-0018-N,0,Owner Occupied,DEMO-0018-COLL-O,0.3037,OBO-0018,"69,243.60",DEMO-0018,IFA,2024-06-22,,,0,2025-01-31,0,2025-12-31,RG1 2DP,manual,"228,000",manual,,Y,Monthly,Quarterly,"72,705.78",DEMO-0018,SYN-UID-0018,81
Active,0,Interest roll-up,0,,GBP,manual,N,0,7.373,SONIA,1M,0,0.5245,"190,655.95","398,000",2026-01-31,Full survey,2026-01-31,2025-01-31,0,,0,manual,GBP,Yorkshire and The Humber,Yorkshire and The Humber,15,0,12,manual,N,DEMO-0019,2042-04-14,DEMO-0019-COLL-N,OBL-0019,DEMO-0019-N,0,Owner Occupied,DEMO-0019-COLL-O,0.494,OBO-0019,"196,612.00",DEMO-0019,IFA,2024-04-14,,,0,2025-01-31,0,2025-12-31,LS1 4AP,manual,"398,000",manual,,Y,Monthly,Quarterly,"206,442.60",DEMO-0019,SYN-UID-0019,80
Active,0,Interest roll-up,0,,GBP,manual,N,0,8.555,SONIA,1M,0,0.4728,"273,558.51","530,000",2026-01-31,Full survey,2026-01-31,2025-01-31,0,,0,manual,GBP,East Midlands,East Midlands,15,0,12,manual,N,DEMO-0020,2042-04-12,DEMO-0020-COLL-N,OBL-0020,DEMO-0020-N,0,Owner Occupied,DEMO-0020-COLL-O,0.4762,OBO-0020,"252,386.00",DEMO-0020,IFA,2024-04-12,,,0,2025-01-31,0,2025-12-31,NG1 5FS,manual,"530,000",manual,,Y,Monthly,Quarterly,"265,005.30",DEMO-0020,SYN-UID-0020,82
Active,0,Interest roll-up,0,,GBP,manual,N,0,8.313,SONIA,1M,0,0.2708,"117,957.75","421,000",2026-01-31,Full survey,2026-01-31,2025-01-31,0,,0,manual,GBP,Wales,Wales,15,0,12,manual,N,DEMO-0021,2043-05-20,DEMO-0021-COLL-N,OBL-0021,DEMO-0021-N,0,Owner Occupied,DEMO-0021-COLL-O,0.2849,OBO-0021,"119,942.90",DEMO-0021,IFA,2025-05-20,,,0,2025-01-31,0,2025-12-31,CF10 1EP,manual,"421,000",manual,,Y,Monthly,Quarterly,"125,940.04",DEMO-0021,SYN-UID-0021,64
Active,0,Interest roll-up,0,,GBP,manual,N,0,9.0,SONIA,1M,0,0.5521,"259,948.84","514,000",2026-01-31,Full survey,2026-01-31,2025-01-31,0,,0,manual,GBP,Scotland,Scotland,15,0,12,manual,N,DEMO-0022,2042-08-06,DEMO-0022-COLL-N,OBL-0022,DEMO-0022-N,0,Owner Occupied,DEMO-0022-COLL-O,0.5131,OBO-0022,"263,733.40",DEMO-0022,IFA,2024-08-06,,,0,2025-01-31,0,2025-12-31,EH1 1YZ,manual,"514,000",manual,,Y,Monthly,Quarterly,"276,920.07",DEMO-0022,SYN-UID-0022,71
Active,0,Interest roll-up,0,,GBP,manual,N,0,9.115,SONIA,1M,0,0.3934,"95,593.07","238,000",2026-01-31,Full survey,2026-01-31,2025-01-31,0,,0,manual,GBP,Yorkshire and The Humber,Yorkshire and The Humber,15,0,12,manual,N,DEMO-0023,2042-11-20,DEMO-0023-COLL-N,OBL-0023,DEMO-0023-N,0,Owner Occupied,DEMO-0023-COLL-O,0.3958,OBO-0023,"94,200.40",DEMO-0023,IFA,2024-11-20,,,0,2025-01-31,0,2025-12-31,LS1 4AP,manual,"238,000",manual,,Y,Monthly,Quarterly,"98,910.42",DEMO-0023,SYN-UID-0023,76
Active,0,Interest roll-up,0,,GBP,manual,N,0,9.135,SONIA,1M,0,0.2488,"93,101.90","355,000",2026-01-31,Full survey,2026-01-31,2025-01-31,0,,0,manual,GBP,North West,North West,15,0,12,manual,N,DEMO-0024,2042-03-19,DEMO-0024-COLL-N,OBL-0024,DEMO-0024-N,0,Owner Occupied,DEMO-0024-COLL-O,0.2602,OBO-0024,"92,371.00",DEMO-0024,IFA,2024-03-19,,,0,2025-01-31,0,2025-12-31,M1 1AE,manual,"355,000",manual,,Y,Monthly,Quarterly,"96,989.55",DEMO-0024,SYN-UID-0024,63
Active,0,Interest roll-up,0,,GBP,manual,N,0,7.033,SONIA,1M,0,0.3316,"206,306.48","560,000",2026-01-31,Full survey,2026-01-31,2025-01-31,0,,0,manual,GBP,Yorkshire and The Humber,Yorkshire and The Humber,15,0,12,manual,N,DEMO-0025,2042-12-09,DEMO-0025-COLL-N,OBL-0025,DEMO-0025-N,0,Owner Occupied,DEMO-0025-COLL-O,0.3434,OBO-0025,"192,304.00",DEMO-0025,Broker,2024-12-09,,,0,2025-01-31,0,2025-12-31,LS1 4AP,manual,"560,000",manual,,Y,Monthly,Quarterly,"201,919.20",DEMO-0025,SYN-UID-0025,77
Active,0,Interest roll-up,0,,GBP,manual,N,0,8.106,SONIA,1M,0,0.4712,"100,764.43","200,000",2026-01-31,Full survey,2026-01-31,2025-01-31,0,,0,manual,GBP,North West,North West,15,0,12,manual,N,DEMO-0026,2042-12-21,DEMO-0026-COLL-N,OBL-0026,DEMO-0026-N,0,Owner Occupied,DEMO-0026-COLL-O,0.4793,OBO-0026,"95,860.00",DEMO-0026,IFA,2024-12-21,,,0,2025-01-31,0,2025-12-31,M1 1AE,manual,"200,000",manual,,Y,Monthly,Quarterly,"100,653.00",DEMO-0026,SYN-UID-0026,82
Redeemed,0,Interest roll-up,0,,GBP,manual,N,0,6.364,SONIA,1M,0,0.3871,"136,918.45","384,000",2026-01-31,Full survey,2026-01-31,2025-01-31,0,,0,manual,GBP,South East,South East,15,0,12,manual,N,DEMO-0027,2042-04-09,DEMO-0027-COLL-N,OBL-0027,DEMO-0027-N,15,Owner Occupied,DEMO-0027-COLL-O,0.3653,OBO-0027,"140,275.20",DEMO-0027,Direct,2024-04-09,,,0,2025-01-31,0,2025-12-31,RG1 2DP,manual,"384,000",manual,2026-01-15,Y,Monthly,Quarterly,"147,288.96",DEMO-0027,SYN-UID-0027,85
Active,0,Interest roll-up,0,,GBP,manual,N,0,7.035,SONIA,1M,0,0.5033,"88,427.03","193,000",2026-01-31,Full survey,2026-01-31,2025-01-31,0,,0,manual,GBP,East Midlands,East Midlands,15,0,12,manual,N,DEMO-0028,2042-11-23,DEMO-0028-COLL-N,OBL-0028,DEMO-0028-N,0,Owner Occupied,DEMO-0028-COLL-O,0.4786,OBO-0028,"92,369.80",DEMO-0028,Broker,2024-11-23,,,0,2025-01-31,0,2025-12-31,NG1 5FS,manual,"193,000",manual,,Y,Monthly,Quarterly,"96,988.29",DEMO-0028,SYN-UID-0028,82
Active,0,Interest roll-up,0,,GBP,manual,N,0,8.724,SONIA,1M,0,0.4799,"241,482.79","554,000",2026-01-31,Full survey,2026-01-31,2025-01-31,0,,0,manual,GBP,East of England,East of England,15,0,12,manual,N,DEMO-0029,2043-07-07,DEMO-0029-COLL-N,OBL-0029,DEMO-0029-N,0,Owner Occupied,DEMO-0029-COLL-O,0.4522,OBO-0029,"250,518.80",DEMO-0029,Direct,2025-07-07,,,0,2025-01-31,0,2025-12-31,CB2 1TN,manual,"554,000",manual,,Y,Monthly,Quarterly,"263,044.74",DEMO-0029,SYN-UID-0029,82
Active,0,Interest roll-up,0,,GBP,manual,N,0,5.866,SONIA,1M,0,0.308,"50,436.06","193,000",2026-01-31,Full survey,2026-01-31,2025-01-31,0,,0,manual,GBP,West Midlands,West Midlands,15,0,12,manual,N,DEMO-0030,2043-05-04,DEMO-0030-COLL-N,OBL-0030,DEMO-0030-N,0,Owner Occupied,DEMO-0030-COLL-O,0.27,OBO-0030,"52,110.00",DEMO-0030,IFA,2025-05-04,,,0,2025-01-31,0,2025-12-31,B1 1AA,manual,"193,000",manual,,Y,Monthly,Quarterly,"54,715.50",DEMO-0030,SYN-UID-0030,71
Active,0,Interest roll-up,0,,GBP,manual,N,0,8.917,SONIA,1M,0,0.4822,"110,033.50","242,000",2026-01-31,Full survey,2026-01-31,2025-01-31,0,,0,manual,GBP,East Midlands,East Midlands,15,0,12,manual,N,DEMO-0031,2043-06-20,DEMO-0031-COLL-N,OBL-0031,DEMO-0031-N,0,Owner Occupied,DEMO-0031-COLL-O,0.4443,OBO-0031,"107,520.60",DEMO-0031,Direct,2025-06-20,,,0,2025-01-31,0,2025-12-31,NG1 5FS,manual,"242,000",manual,,Y,Monthly,Quarterly,"112,896.63",DEMO-0031,SYN-UID-0031,74
Active,0,Interest roll-up,0,,GBP,manual,N,0,6.432,SONIA,1M,0,0.5119,"176,618.72","324,000",2026-01-31,Full survey,2026-01-31,2025-01-31,0,,0,manual,GBP,East of England,East of England,15,0,12,manual,N,DEMO-0032,2043-06-03,DEMO-0032-COLL-N,OBL-0032,DEMO-0032-N,0,Owner Occupied,DEMO-0032-COLL-O,0.5062,OBO-0032,"164,008.80",DEMO-0032,IFA,2025-06-03,,,0,2025-01-31,0,2025-12-31,CB2 1TN,manual,"324,000",manual,,Y,Monthly,Quarterly,"172,209.24",DEMO-0032,SYN-UID-0032,81
Active,0,Interest roll-up,0,,GBP,manual,N,0,5.836,SONIA,1M,0,0.4134,"190,238.83","446,000",2026-01-31,Full survey,2026-01-31,2025-01-31,0,,0,manual,GBP,South East,South East,15,0,12,manual,N,DEMO-0033,2043-05-26,DEMO-0033-COLL-N,OBL-0033,DEMO-0033-N,0,Owner Occupied,DEMO-0033-COLL-O,0.4121,OBO-0033,"183,796.60",DEMO-0033,Broker,2025-05-26,,,0,2025-01-31,0,2025-12-31,RG1 2DP,manual,"446,000",manual,,Y,Monthly,Quarterly,"192,986.43",DEMO-0033,SYN-UID-0033,76
Active,0,Interest roll-up,0,,GBP,manual,N,0,8.972,SONIA,1M,0,0.3837,"128,197.22","321,000",2026-01-31,Full survey,2026-01-31,2025-01-31,0,,0,manual,GBP,Scotland,Scotland,15,0,12,manual,N,DEMO-0034,2043-04-20,DEMO-0034-COLL-N,OBL-0034,DEMO-0034-N,0,Owner Occupied,DEMO-0034-COLL-O,0.3643,OBO-0034,"116,940.30",DEMO-0034,IFA,2025-04-20,,,0,2025-01-31,0,2025-12-31,EH1 1YZ,manual,"321,000",manual,,Y,Monthly,Quarterly,"122,787.32",DEMO-0034,SYN-UID-0034,75
Active,0,Interest roll-up,0,,GBP,manual,N,0,8.01,SONIA,1M,0,0.3382,"188,979.20","521,000",2026-01-31,Full survey,2026-01-31,2025-01-31,0,,0,manual,GBP,London,London,15,0,12,manual,N,DEMO-0035,2042-09-18,DEMO-0035-COLL-N,OBL-0035,DEMO-0035-N,0,Owner Occupied,DEMO-0035-COLL-O,0.3379,OBO-0035,"176,045.90",DEMO-0035,Broker,2024-09-18,,,0,2025-01-31,0,2025-12-31,SW1A 1AA,manual,"521,000",manual,,Y,Monthly,Quarterly,"184,848.20",DEMO-0035,SYN-UID-0035,62
Active,0,Interest roll-up,0,,GBP,manual,N,0,7.245,SONIA,1M,0,0.319,"187,784.17","577,000",2026-01-31,Full survey,2026-01-31,2025-01-31,0,,0,manual,GBP,East Midlands,East Midlands,15,0,12,manual,N,DEMO-0036,2042-11-27,DEMO-0036-COLL-N,OBL-0036,DEMO-0036-N,0,Owner Occupied,DEMO-0036-COLL-O,0.3199,OBO-0036,"184,582.30",DEMO-0036,Broker,2024-11-27,,,0,2025-01-31,0,2025-12-31,NG1 5FS,manual,"577,000",manual,,Y,Monthly,Quarterly,"193,811.42",DEMO-0036,SYN-UID-0036,83
