esma_code,canonical_field,current_mapping_status,proposed_mapping_status,xml_path,xsd_validated,workbook_evidenced,sample_evidenced,manual_review_required,blocks_production_xml_before_review,blocks_production_xml_after_review,promotion_recommendation,risk_level,notes
RREC1,unique_identifier,unresolved,conflict,,False,False,False,True,True,True,DO NOT PROMOTE: collision / multi-code-cell pollution (e.g. RREC mapped outside Coll). Resolve manually; XSD wins.,high,PATH axis only. Production XML also requires DATA readiness (data_readiness=pending_delivery_certification); production_ready=False for all fields. Multi-code-cell pollution / collision — collateral must stay nested under Coll.
RREC2,underlying_exposure_identifier,unresolved,conflict,,False,False,False,True,True,True,DO NOT PROMOTE: collision / multi-code-cell pollution (e.g. RREC mapped outside Coll). Resolve manually; XSD wins.,high,PATH axis only. Production XML also requires DATA readiness (data_readiness=pending_delivery_certification); production_ready=False for all fields. Multi-code-cell pollution / collision — collateral must stay nested under Coll.
RREC3,original_collateral_identifier,inferred_high_confidence,workbook_xsd_validated,Document/ScrtstnNonAsstBckdComrclPprUndrlygXpsrRpt/NewCrrctn/ScrtstnRpt/UndrlygXpsrRcrd/UndrlygXpsrData/ResdtlRealEsttLn/PrfrmgLn/Coll/CollIdr/OrgnlIdr,True,True,False,False,True,False,"ACCEPT for builder behind a structure gate: ESMA workbook path, XSD-validated. NOT production-eligible until formally accepted by the path-map review policy.",medium,PATH axis only. Production XML also requires DATA readiness (data_readiness=pending_delivery_certification); production_ready=False for all fields. Workbook path re-validated against XSD; awaiting formal acceptance.
RREC4,new_collateral_identifier,inferred_high_confidence,workbook_xsd_validated,Document/ScrtstnNonAsstBckdComrclPprUndrlygXpsrRpt/NewCrrctn/ScrtstnRpt/UndrlygXpsrRcrd/UndrlygXpsrData/ResdtlRealEsttLn/PrfrmgLn/Coll/CollIdr/NewIdr,True,True,False,False,True,False,"ACCEPT for builder behind a structure gate: ESMA workbook path, XSD-validated. NOT production-eligible until formally accepted by the path-map review policy.",medium,PATH axis only. Production XML also requires DATA readiness (data_readiness=pending_delivery_certification); production_ready=False for all fields. Workbook path re-validated against XSD; awaiting formal acceptance.
RREC5,collateral_type,inferred_high_confidence,workbook_xsd_validated,Document/ScrtstnNonAsstBckdComrclPprUndrlygXpsrRpt/NewCrrctn/ScrtstnRpt/UndrlygXpsrRcrd/UndrlygXpsrData/ResdtlRealEsttLn/PrfrmgLn/Coll/CollCmonData/Dtls/CmonData/CollTp,True,True,False,False,True,False,"ACCEPT for builder behind a structure gate: ESMA workbook path, XSD-validated. NOT production-eligible until formally accepted by the path-map review policy.",medium,PATH axis only. Production XML also requires DATA readiness (data_readiness=pending_delivery_certification); production_ready=False for all fields. Workbook path re-validated against XSD; awaiting formal acceptance.
RREC6,geographic_region_collateral,inferred_high_confidence,workbook_xsd_validated,Document/ScrtstnNonAsstBckdComrclPprUndrlygXpsrRpt/NewCrrctn/ScrtstnRpt/UndrlygXpsrRcrd/UndrlygXpsrData/ResdtlRealEsttLn/PrfrmgLn/Coll/CollCmonData/Dtls/CmonData/TrtrlUnitClssfctn,True,True,False,False,True,False,"ACCEPT for builder behind a structure gate: ESMA workbook path, XSD-validated. NOT production-eligible until formally accepted by the path-map review policy.",medium,PATH axis only. Production XML also requires DATA readiness (data_readiness=pending_delivery_certification); production_ready=False for all fields. Workbook path re-validated against XSD; awaiting formal acceptance.
RREC7,occupancy,inferred_high_confidence,workbook_xsd_validated,Document/ScrtstnNonAsstBckdComrclPprUndrlygXpsrRpt/NewCrrctn/ScrtstnRpt/UndrlygXpsrRcrd/UndrlygXpsrData/ResdtlRealEsttLn/PrfrmgLn/Coll/CollCmonData/Dtls/OccpncyTp,True,True,False,False,True,False,"ACCEPT for builder behind a structure gate: ESMA workbook path, XSD-validated. NOT production-eligible until formally accepted by the path-map review policy.",medium,PATH axis only. Production XML also requires DATA readiness (data_readiness=pending_delivery_certification); production_ready=False for all fields. Workbook path re-validated against XSD; awaiting formal acceptance.
RREC8,lien,inferred_high_confidence,workbook_xsd_validated,Document/ScrtstnNonAsstBckdComrclPprUndrlygXpsrRpt/NewCrrctn/ScrtstnRpt/UndrlygXpsrRcrd/UndrlygXpsrData/ResdtlRealEsttLn/PrfrmgLn/Coll/CollCmonData/Dtls/CmonData/LienVal,True,True,False,False,True,False,"ACCEPT for builder behind a structure gate: ESMA workbook path, XSD-validated. NOT production-eligible until formally accepted by the path-map review policy.",medium,PATH axis only. Production XML also requires DATA readiness (data_readiness=pending_delivery_certification); production_ready=False for all fields. Workbook path re-validated against XSD; awaiting formal acceptance.
RREC9,property_type,confirmed,confirmed_by_xsd_sample,Document/ScrtstnNonAsstBckdComrclPprUndrlygXpsrRpt/NewCrrctn/ScrtstnRpt/UndrlygXpsrRcrd/UndrlygXpsrData/ResdtlRealEsttLn/PrfrmgLn/Coll/CollCmonData/Dtls/PrprtyTp,True,False,True,False,False,False,PROMOTE path: production-eligible XML path (XSD+sample). Production XML still requires DATA readiness (separate axis).,low,PATH axis only. Production XML also requires DATA readiness (data_readiness=pending_delivery_certification); production_ready=False for all fields.
RREC10,energy_performance_certificate_value,inferred_high_confidence,workbook_xsd_validated,Document/ScrtstnNonAsstBckdComrclPprUndrlygXpsrRpt/NewCrrctn/ScrtstnRpt/UndrlygXpsrRcrd/UndrlygXpsrData/ResdtlRealEsttLn/PrfrmgLn/Coll/CollCmonData/Dtls/NrgyPrfrmncCertVal,True,True,False,False,True,False,"ACCEPT for builder behind a structure gate: ESMA workbook path, XSD-validated. NOT production-eligible until formally accepted by the path-map review policy.",medium,PATH axis only. Production XML also requires DATA readiness (data_readiness=pending_delivery_certification); production_ready=False for all fields. Workbook path re-validated against XSD; awaiting formal acceptance.
RREC11,energy_performance_certificate_provider_name,inferred_high_confidence,workbook_xsd_validated,Document/ScrtstnNonAsstBckdComrclPprUndrlygXpsrRpt/NewCrrctn/ScrtstnRpt/UndrlygXpsrRcrd/UndrlygXpsrData/ResdtlRealEsttLn/PrfrmgLn/Coll/CollCmonData/Dtls/NrgyPrfrmncCertPrvdrNm,True,True,False,False,True,False,"ACCEPT for builder behind a structure gate: ESMA workbook path, XSD-validated. NOT production-eligible until formally accepted by the path-map review policy.",medium,PATH axis only. Production XML also requires DATA readiness (data_readiness=pending_delivery_certification); production_ready=False for all fields. Workbook path re-validated against XSD; awaiting formal acceptance.
RREC12,current_loan_to_value,inferred_high_confidence,workbook_xsd_validated,Document/ScrtstnNonAsstBckdComrclPprUndrlygXpsrRpt/NewCrrctn/ScrtstnRpt/UndrlygXpsrRcrd/UndrlygXpsrData/ResdtlRealEsttLn/PrfrmgLn/Coll/CollCmonData/Valtn/CurInf/LnToVal,True,True,False,False,True,False,"ACCEPT for builder behind a structure gate: ESMA workbook path, XSD-validated. NOT production-eligible until formally accepted by the path-map review policy.",medium,PATH axis only. Production XML also requires DATA readiness (data_readiness=pending_delivery_certification); production_ready=False for all fields. Workbook path re-validated against XSD; awaiting formal acceptance.
RREC13,current_valuation_amount,inferred_high_confidence,workbook_xsd_validated,Document/ScrtstnNonAsstBckdComrclPprUndrlygXpsrRpt/NewCrrctn/ScrtstnRpt/UndrlygXpsrRcrd/UndrlygXpsrData/ResdtlRealEsttLn/PrfrmgLn/Coll/CollCmonData/Valtn/CurInf/ValtnAmt,True,True,False,False,True,False,"ACCEPT for builder behind a structure gate: ESMA workbook path, XSD-validated. NOT production-eligible until formally accepted by the path-map review policy.",medium,PATH axis only. Production XML also requires DATA readiness (data_readiness=pending_delivery_certification); production_ready=False for all fields. Workbook path re-validated against XSD; awaiting formal acceptance.
RREC14,current_valuation_method,inferred_high_confidence,workbook_xsd_validated,Document/ScrtstnNonAsstBckdComrclPprUndrlygXpsrRpt/NewCrrctn/ScrtstnRpt/UndrlygXpsrRcrd/UndrlygXpsrData/ResdtlRealEsttLn/PrfrmgLn/Coll/CollCmonData/Valtn/CurInf/ValtnMtd,True,True,False,False,True,False,"ACCEPT for builder behind a structure gate: ESMA workbook path, XSD-validated. NOT production-eligible until formally accepted by the path-map review policy.",medium,PATH axis only. Production XML also requires DATA readiness (data_readiness=pending_delivery_certification); production_ready=False for all fields. Workbook path re-validated against XSD; awaiting formal acceptance.
RREC15,current_valuation_date,inferred_high_confidence,workbook_xsd_validated,Document/ScrtstnNonAsstBckdComrclPprUndrlygXpsrRpt/NewCrrctn/ScrtstnRpt/UndrlygXpsrRcrd/UndrlygXpsrData/ResdtlRealEsttLn/PrfrmgLn/Coll/CollCmonData/Valtn/CurInf/ValtnDt,True,True,False,False,True,False,"ACCEPT for builder behind a structure gate: ESMA workbook path, XSD-validated. NOT production-eligible until formally accepted by the path-map review policy.",medium,PATH axis only. Production XML also requires DATA readiness (data_readiness=pending_delivery_certification); production_ready=False for all fields. Workbook path re-validated against XSD; awaiting formal acceptance.
RREC16,original_loan_to_value,inferred_high_confidence,workbook_xsd_validated,Document/ScrtstnNonAsstBckdComrclPprUndrlygXpsrRpt/NewCrrctn/ScrtstnRpt/UndrlygXpsrRcrd/UndrlygXpsrData/ResdtlRealEsttLn/PrfrmgLn/Coll/CollCmonData/Valtn/InfAtOrgtn/LnToVal,True,True,False,False,True,False,"ACCEPT for builder behind a structure gate: ESMA workbook path, XSD-validated. NOT production-eligible until formally accepted by the path-map review policy.",medium,PATH axis only. Production XML also requires DATA readiness (data_readiness=pending_delivery_certification); production_ready=False for all fields. Workbook path re-validated against XSD; awaiting formal acceptance.
RREC17,original_valuation_amount,inferred_high_confidence,workbook_xsd_validated,Document/ScrtstnNonAsstBckdComrclPprUndrlygXpsrRpt/NewCrrctn/ScrtstnRpt/UndrlygXpsrRcrd/UndrlygXpsrData/ResdtlRealEsttLn/PrfrmgLn/Coll/CollCmonData/Valtn/InfAtOrgtn/ValtnAmt,True,True,False,False,True,False,"ACCEPT for builder behind a structure gate: ESMA workbook path, XSD-validated. NOT production-eligible until formally accepted by the path-map review policy.",medium,PATH axis only. Production XML also requires DATA readiness (data_readiness=pending_delivery_certification); production_ready=False for all fields. Workbook path re-validated against XSD; awaiting formal acceptance.
RREC18,original_valuation_method,inferred_high_confidence,workbook_xsd_validated,Document/ScrtstnNonAsstBckdComrclPprUndrlygXpsrRpt/NewCrrctn/ScrtstnRpt/UndrlygXpsrRcrd/UndrlygXpsrData/ResdtlRealEsttLn/PrfrmgLn/Coll/CollCmonData/Valtn/InfAtOrgtn/ValtnMtd,True,True,False,False,True,False,"ACCEPT for builder behind a structure gate: ESMA workbook path, XSD-validated. NOT production-eligible until formally accepted by the path-map review policy.",medium,PATH axis only. Production XML also requires DATA readiness (data_readiness=pending_delivery_certification); production_ready=False for all fields. Workbook path re-validated against XSD; awaiting formal acceptance.
RREC19,original_valuation_date,inferred_high_confidence,workbook_xsd_validated,Document/ScrtstnNonAsstBckdComrclPprUndrlygXpsrRpt/NewCrrctn/ScrtstnRpt/UndrlygXpsrRcrd/UndrlygXpsrData/ResdtlRealEsttLn/PrfrmgLn/Coll/CollCmonData/Valtn/InfAtOrgtn/ValtnDt,True,True,False,False,True,False,"ACCEPT for builder behind a structure gate: ESMA workbook path, XSD-validated. NOT production-eligible until formally accepted by the path-map review policy.",medium,PATH axis only. Production XML also requires DATA readiness (data_readiness=pending_delivery_certification); production_ready=False for all fields. Workbook path re-validated against XSD; awaiting formal acceptance.
RREC20,date_of_sale,inferred_high_confidence,workbook_xsd_validated,Document/ScrtstnNonAsstBckdComrclPprUndrlygXpsrRpt/NewCrrctn/ScrtstnRpt/UndrlygXpsrRcrd/UndrlygXpsrData/ResdtlRealEsttLn/PrfrmgLn/Coll/CollCmonData/Nfrcmnt/SaleDt,True,True,False,False,True,False,"ACCEPT for builder behind a structure gate: ESMA workbook path, XSD-validated. NOT production-eligible until formally accepted by the path-map review policy.",medium,PATH axis only. Production XML also requires DATA readiness (data_readiness=pending_delivery_certification); production_ready=False for all fields. Workbook path re-validated against XSD; awaiting formal acceptance.
RREC21,sale_price,inferred_high_confidence,workbook_xsd_validated,Document/ScrtstnNonAsstBckdComrclPprUndrlygXpsrRpt/NewCrrctn/ScrtstnRpt/UndrlygXpsrRcrd/UndrlygXpsrData/ResdtlRealEsttLn/PrfrmgLn/Coll/CollCmonData/Nfrcmnt/SalePric,True,True,False,False,True,False,"ACCEPT for builder behind a structure gate: ESMA workbook path, XSD-validated. NOT production-eligible until formally accepted by the path-map review policy.",medium,PATH axis only. Production XML also requires DATA readiness (data_readiness=pending_delivery_certification); production_ready=False for all fields. Workbook path re-validated against XSD; awaiting formal acceptance.
RREC22,collateral_currency,unresolved,unresolved,,False,False,False,True,True,True,DO NOT PROMOTE: no XSD/workbook/sample evidence; production-blocking.,high,PATH axis only. Production XML also requires DATA readiness (data_readiness=pending_delivery_certification); production_ready=False for all fields.
RREC23,guarantor_type,inferred_high_confidence,workbook_xsd_validated,Document/ScrtstnNonAsstBckdComrclPprUndrlygXpsrRpt/NewCrrctn/ScrtstnRpt/UndrlygXpsrRcrd/UndrlygXpsrData/ResdtlRealEsttLn/PrfrmgLn/Coll/CollCmonData/Dtls/GuarntrTp,True,True,False,False,True,False,"ACCEPT for builder behind a structure gate: ESMA workbook path, XSD-validated. NOT production-eligible until formally accepted by the path-map review policy.",medium,PATH axis only. Production XML also requires DATA readiness (data_readiness=pending_delivery_certification); production_ready=False for all fields. Workbook path re-validated against XSD; awaiting formal acceptance.
RREL1,unique_identifier,confirmed,confirmed_by_xsd_sample,Document/ScrtstnNonAsstBckdComrclPprUndrlygXpsrRpt/NewCrrctn/ScrtstnRpt/ScrtstnIdr,True,False,True,False,False,False,PROMOTE path: production-eligible XML path (XSD+sample). Production XML still requires DATA readiness (separate axis).,low,PATH axis only. Production XML also requires DATA readiness (data_readiness=pending_delivery_certification); production_ready=False for all fields.
RREL2,original_underlying_exposure_identifier,confirmed,confirmed_by_xsd_sample,Document/ScrtstnNonAsstBckdComrclPprUndrlygXpsrRpt/NewCrrctn/ScrtstnRpt/UndrlygXpsrRcrd/UndrlygXpsrId/OrgnlUndrlygXpsrIdr,True,False,True,False,False,False,PROMOTE path: production-eligible XML path (XSD+sample). Production XML still requires DATA readiness (separate axis).,low,PATH axis only. Production XML also requires DATA readiness (data_readiness=pending_delivery_certification); production_ready=False for all fields.
RREL3,new_underlying_exposure_identifier,inferred_high_confidence,workbook_xsd_validated,Document/ScrtstnNonAsstBckdComrclPprUndrlygXpsrRpt/NewCrrctn/ScrtstnRpt/UndrlygXpsrRcrd/UndrlygXpsrId/NewUndrlygXpsrIdr,True,True,False,False,True,False,"ACCEPT for builder behind a structure gate: ESMA workbook path, XSD-validated. NOT production-eligible until formally accepted by the path-map review policy.",medium,PATH axis only. Production XML also requires DATA readiness (data_readiness=pending_delivery_certification); production_ready=False for all fields. Workbook path re-validated against XSD; awaiting formal acceptance.
RREL4,original_obligor_identifier,inferred_high_confidence,workbook_xsd_validated,Document/ScrtstnNonAsstBckdComrclPprUndrlygXpsrRpt/NewCrrctn/ScrtstnRpt/UndrlygXpsrRcrd/UndrlygXpsrId/OrgnlOblgrIdr,True,True,False,False,True,False,"ACCEPT for builder behind a structure gate: ESMA workbook path, XSD-validated. NOT production-eligible until formally accepted by the path-map review policy.",medium,PATH axis only. Production XML also requires DATA readiness (data_readiness=pending_delivery_certification); production_ready=False for all fields. Workbook path re-validated against XSD; awaiting formal acceptance.
RREL5,new_obligor_identifier,inferred_high_confidence,workbook_xsd_validated,Document/ScrtstnNonAsstBckdComrclPprUndrlygXpsrRpt/NewCrrctn/ScrtstnRpt/UndrlygXpsrRcrd/UndrlygXpsrId/NewOblgrIdr,True,True,False,False,True,False,"ACCEPT for builder behind a structure gate: ESMA workbook path, XSD-validated. NOT production-eligible until formally accepted by the path-map review policy.",medium,PATH axis only. Production XML also requires DATA readiness (data_readiness=pending_delivery_certification); production_ready=False for all fields. Workbook path re-validated against XSD; awaiting formal acceptance.
RREL6,data_cut_off_date,confirmed,confirmed_by_xsd_sample,Document/ScrtstnNonAsstBckdComrclPprUndrlygXpsrRpt/NewCrrctn/ScrtstnRpt/CutOffDt,True,False,True,False,False,False,PROMOTE path: production-eligible XML path (XSD+sample). Production XML still requires DATA readiness (separate axis).,low,PATH axis only. Production XML also requires DATA readiness (data_readiness=pending_delivery_certification); production_ready=False for all fields.
RREL7,pool_addition_date,inferred_high_confidence,workbook_xsd_validated,Document/ScrtstnNonAsstBckdComrclPprUndrlygXpsrRpt/NewCrrctn/ScrtstnRpt/UndrlygXpsrRcrd/UndrlygXpsrData/ResdtlRealEsttLn/PrfrmgLn/UndrlygXpsrCmonData/ActvtyDtDtls/PoolAddtnDt,True,True,False,False,True,False,"ACCEPT for builder behind a structure gate: ESMA workbook path, XSD-validated. NOT production-eligible until formally accepted by the path-map review policy.",medium,PATH axis only. Production XML also requires DATA readiness (data_readiness=pending_delivery_certification); production_ready=False for all fields. Workbook path re-validated against XSD; awaiting formal acceptance.
RREL8,date_of_repurchase,inferred_high_confidence,workbook_xsd_validated,Document/ScrtstnNonAsstBckdComrclPprUndrlygXpsrRpt/NewCrrctn/ScrtstnRpt/UndrlygXpsrRcrd/UndrlygXpsrData/ResdtlRealEsttLn/PrfrmgLn/UndrlygXpsrCmonData/ActvtyDtDtls/RpDt,True,True,False,False,True,False,"ACCEPT for builder behind a structure gate: ESMA workbook path, XSD-validated. NOT production-eligible until formally accepted by the path-map review policy.",medium,PATH axis only. Production XML also requires DATA readiness (data_readiness=pending_delivery_certification); production_ready=False for all fields. Workbook path re-validated against XSD; awaiting formal acceptance.
RREL9,redemption_date,inferred_high_confidence,workbook_xsd_validated,Document/ScrtstnNonAsstBckdComrclPprUndrlygXpsrRpt/NewCrrctn/ScrtstnRpt/UndrlygXpsrRcrd/UndrlygXpsrData/ResdtlRealEsttLn/PrfrmgLn/UndrlygXpsrCmonData/PrfrmncDtls/GnlAttrbts/RedDt,True,True,False,False,True,False,"ACCEPT for builder behind a structure gate: ESMA workbook path, XSD-validated. NOT production-eligible until formally accepted by the path-map review policy.",medium,PATH axis only. Production XML also requires DATA readiness (data_readiness=pending_delivery_certification); production_ready=False for all fields. Workbook path re-validated against XSD; awaiting formal acceptance.
RREL10,resident,inferred_high_confidence,workbook_xsd_validated,Document/ScrtstnNonAsstBckdComrclPprUndrlygXpsrRpt/NewCrrctn/ScrtstnRpt/UndrlygXpsrRcrd/UndrlygXpsrData/ResdtlRealEsttLn/PrfrmgLn/UndrlygXpsrCmonData/OblgrDtls/Resdt,True,True,False,False,True,False,"ACCEPT for builder behind a structure gate: ESMA workbook path, XSD-validated. NOT production-eligible until formally accepted by the path-map review policy.",medium,PATH axis only. Production XML also requires DATA readiness (data_readiness=pending_delivery_certification); production_ready=False for all fields. Workbook path re-validated against XSD; awaiting formal acceptance.
RREL11,geographic_region_obligor,inferred_high_confidence,workbook_xsd_validated,Document/ScrtstnNonAsstBckdComrclPprUndrlygXpsrRpt/NewCrrctn/ScrtstnRpt/UndrlygXpsrRcrd/UndrlygXpsrData/ResdtlRealEsttLn/PrfrmgLn/UndrlygXpsrCmonData/OblgrDtls/TrtrlUnit/Clssfctn,True,True,False,False,True,False,"ACCEPT for builder behind a structure gate: ESMA workbook path, XSD-validated. NOT production-eligible until formally accepted by the path-map review policy.",medium,PATH axis only. Production XML also requires DATA readiness (data_readiness=pending_delivery_certification); production_ready=False for all fields. Workbook path re-validated against XSD; awaiting formal acceptance.
RREL12,geographic_region_classification,inferred_high_confidence,workbook_xsd_validated,Document/ScrtstnNonAsstBckdComrclPprUndrlygXpsrRpt/NewCrrctn/ScrtstnRpt/UndrlygXpsrRcrd/UndrlygXpsrData/ResdtlRealEsttLn/PrfrmgLn/UndrlygXpsrCmonData/OblgrDtls/TrtrlUnit/ClssfctnYr,True,True,False,False,True,False,"ACCEPT for builder behind a structure gate: ESMA workbook path, XSD-validated. NOT production-eligible until formally accepted by the path-map review policy.",medium,PATH axis only. Production XML also requires DATA readiness (data_readiness=pending_delivery_certification); production_ready=False for all fields. Workbook path re-validated against XSD; awaiting formal acceptance.
RREL13,employment_status,inferred_high_confidence,workbook_xsd_validated,Document/ScrtstnNonAsstBckdComrclPprUndrlygXpsrRpt/NewCrrctn/ScrtstnRpt/UndrlygXpsrRcrd/UndrlygXpsrData/ResdtlRealEsttLn/PrfrmgLn/UndrlygXpsrCmonData/OblgrDtls/AddtlCmonData/MplyntSts,True,True,False,False,True,False,"ACCEPT for builder behind a structure gate: ESMA workbook path, XSD-validated. NOT production-eligible until formally accepted by the path-map review policy.",medium,PATH axis only. Production XML also requires DATA readiness (data_readiness=pending_delivery_certification); production_ready=False for all fields. Workbook path re-validated against XSD; awaiting formal acceptance.
RREL14,credit_impaired_obligor,inferred_high_confidence,workbook_xsd_validated,Document/ScrtstnNonAsstBckdComrclPprUndrlygXpsrRpt/NewCrrctn/ScrtstnRpt/UndrlygXpsrRcrd/UndrlygXpsrData/ResdtlRealEsttLn/PrfrmgLn/UndrlygXpsrCmonData/OblgrDtls/AddtlCmonData/CdtImprdOblgr,True,True,False,False,True,False,"ACCEPT for builder behind a structure gate: ESMA workbook path, XSD-validated. NOT production-eligible until formally accepted by the path-map review policy.",medium,PATH axis only. Production XML also requires DATA readiness (data_readiness=pending_delivery_certification); production_ready=False for all fields. Workbook path re-validated against XSD; awaiting formal acceptance.
RREL15,customer_type,inferred_high_confidence,workbook_xsd_validated,Document/ScrtstnNonAsstBckdComrclPprUndrlygXpsrRpt/NewCrrctn/ScrtstnRpt/UndrlygXpsrRcrd/UndrlygXpsrData/ResdtlRealEsttLn/PrfrmgLn/UndrlygXpsrCmonData/OblgrDtls/CstmrTp,True,True,False,False,True,False,"ACCEPT for builder behind a structure gate: ESMA workbook path, XSD-validated. NOT production-eligible until formally accepted by the path-map review policy.",medium,PATH axis only. Production XML also requires DATA readiness (data_readiness=pending_delivery_certification); production_ready=False for all fields. Workbook path re-validated against XSD; awaiting formal acceptance.
RREL16,primary_income,inferred_high_confidence,workbook_xsd_validated,Document/ScrtstnNonAsstBckdComrclPprUndrlygXpsrRpt/NewCrrctn/ScrtstnRpt/UndrlygXpsrRcrd/UndrlygXpsrData/ResdtlRealEsttLn/PrfrmgLn/UndrlygXpsrCmonData/OblgrDtls/FinDtls/PmryOblgrIncm/IncmVal,True,True,False,False,True,False,"ACCEPT for builder behind a structure gate: ESMA workbook path, XSD-validated. NOT production-eligible until formally accepted by the path-map review policy.",medium,PATH axis only. Production XML also requires DATA readiness (data_readiness=pending_delivery_certification); production_ready=False for all fields. Workbook path re-validated against XSD; awaiting formal acceptance.
RREL17,primary_income_type,inferred_high_confidence,workbook_xsd_validated,Document/ScrtstnNonAsstBckdComrclPprUndrlygXpsrRpt/NewCrrctn/ScrtstnRpt/UndrlygXpsrRcrd/UndrlygXpsrData/ResdtlRealEsttLn/PrfrmgLn/UndrlygXpsrCmonData/OblgrDtls/FinDtls/PmryOblgrIncm/Tp,True,True,False,False,True,False,"ACCEPT for builder behind a structure gate: ESMA workbook path, XSD-validated. NOT production-eligible until formally accepted by the path-map review policy.",medium,PATH axis only. Production XML also requires DATA readiness (data_readiness=pending_delivery_certification); production_ready=False for all fields. Workbook path re-validated against XSD; awaiting formal acceptance.
RREL18,primary_income_currency,unresolved,unresolved,,False,False,False,True,True,True,DO NOT PROMOTE: no XSD/workbook/sample evidence; production-blocking.,high,PATH axis only. Production XML also requires DATA readiness (data_readiness=pending_delivery_certification); production_ready=False for all fields.
RREL19,primary_income_verification,inferred_high_confidence,workbook_xsd_validated,Document/ScrtstnNonAsstBckdComrclPprUndrlygXpsrRpt/NewCrrctn/ScrtstnRpt/UndrlygXpsrRcrd/UndrlygXpsrData/ResdtlRealEsttLn/PrfrmgLn/UndrlygXpsrCmonData/OblgrDtls/FinDtls/PmryOblgrIncm/Vrfctn,True,True,False,False,True,False,"ACCEPT for builder behind a structure gate: ESMA workbook path, XSD-validated. NOT production-eligible until formally accepted by the path-map review policy.",medium,PATH axis only. Production XML also requires DATA readiness (data_readiness=pending_delivery_certification); production_ready=False for all fields. Workbook path re-validated against XSD; awaiting formal acceptance.
RREL20,secondary_income,inferred_high_confidence,workbook_xsd_validated,Document/ScrtstnNonAsstBckdComrclPprUndrlygXpsrRpt/NewCrrctn/ScrtstnRpt/UndrlygXpsrRcrd/UndrlygXpsrData/ResdtlRealEsttLn/PrfrmgLn/UndrlygXpsrCmonData/OblgrDtls/FinDtls/ScndryOblgrIncm/IncmVal,True,True,False,False,True,False,"ACCEPT for builder behind a structure gate: ESMA workbook path, XSD-validated. NOT production-eligible until formally accepted by the path-map review policy.",medium,PATH axis only. Production XML also requires DATA readiness (data_readiness=pending_delivery_certification); production_ready=False for all fields. Workbook path re-validated against XSD; awaiting formal acceptance.
RREL21,secondary_income_verification,inferred_high_confidence,workbook_xsd_validated,Document/ScrtstnNonAsstBckdComrclPprUndrlygXpsrRpt/NewCrrctn/ScrtstnRpt/UndrlygXpsrRcrd/UndrlygXpsrData/ResdtlRealEsttLn/PrfrmgLn/UndrlygXpsrCmonData/OblgrDtls/FinDtls/ScndryOblgrIncm/Vrfctn,True,True,False,False,True,False,"ACCEPT for builder behind a structure gate: ESMA workbook path, XSD-validated. NOT production-eligible until formally accepted by the path-map review policy.",medium,PATH axis only. Production XML also requires DATA readiness (data_readiness=pending_delivery_certification); production_ready=False for all fields. Workbook path re-validated against XSD; awaiting formal acceptance.
RREL22,special_scheme,confirmed,confirmed_by_xsd_sample,Document/ScrtstnNonAsstBckdComrclPprUndrlygXpsrRpt/NewCrrctn/ScrtstnRpt/UndrlygXpsrRcrd/UndrlygXpsrData/ResdtlRealEsttLn/PrfrmgLn/UndrlygXpsrCmonData/UndrlygXpsrDtls/SpclSchme,True,False,True,False,False,False,PROMOTE path: production-eligible XML path (XSD+sample). Production XML still requires DATA readiness (separate axis).,low,PATH axis only. Production XML also requires DATA readiness (data_readiness=pending_delivery_certification); production_ready=False for all fields.
RREL23,origination_date,inferred_high_confidence,workbook_xsd_validated,Document/ScrtstnNonAsstBckdComrclPprUndrlygXpsrRpt/NewCrrctn/ScrtstnRpt/UndrlygXpsrRcrd/UndrlygXpsrData/ResdtlRealEsttLn/PrfrmgLn/UndrlygXpsrCmonData/UndrlygXpsrDtls/IssncAndMtrtyDtls/OrgtnDt,True,True,False,False,True,False,"ACCEPT for builder behind a structure gate: ESMA workbook path, XSD-validated. NOT production-eligible until formally accepted by the path-map review policy.",medium,PATH axis only. Production XML also requires DATA readiness (data_readiness=pending_delivery_certification); production_ready=False for all fields. Workbook path re-validated against XSD; awaiting formal acceptance.
RREL24,maturity_date,inferred_high_confidence,workbook_xsd_validated,Document/ScrtstnNonAsstBckdComrclPprUndrlygXpsrRpt/NewCrrctn/ScrtstnRpt/UndrlygXpsrRcrd/UndrlygXpsrData/ResdtlRealEsttLn/PrfrmgLn/UndrlygXpsrCmonData/UndrlygXpsrDtls/IssncAndMtrtyDtls/MtrtyDt,True,True,False,False,True,False,"ACCEPT for builder behind a structure gate: ESMA workbook path, XSD-validated. NOT production-eligible until formally accepted by the path-map review policy.",medium,PATH axis only. Production XML also requires DATA readiness (data_readiness=pending_delivery_certification); production_ready=False for all fields. Workbook path re-validated against XSD; awaiting formal acceptance.
RREL25,original_term,confirmed,confirmed_by_xsd_sample,Document/ScrtstnNonAsstBckdComrclPprUndrlygXpsrRpt/NewCrrctn/ScrtstnRpt/UndrlygXpsrRcrd/UndrlygXpsrData/ResdtlRealEsttLn/PrfrmgLn/UndrlygXpsrCmonData/UndrlygXpsrDtls/IssncAndMtrtyDtls/OrgnlTerm,True,False,True,False,False,False,PROMOTE path: production-eligible XML path (XSD+sample). Production XML still requires DATA readiness (separate axis).,low,PATH axis only. Production XML also requires DATA readiness (data_readiness=pending_delivery_certification); production_ready=False for all fields.
RREL26,origination_channel,inferred_high_confidence,workbook_xsd_validated,Document/ScrtstnNonAsstBckdComrclPprUndrlygXpsrRpt/NewCrrctn/ScrtstnRpt/UndrlygXpsrRcrd/UndrlygXpsrData/ResdtlRealEsttLn/PrfrmgLn/UndrlygXpsrCmonData/UndrlygXpsrDtls/OrgtnChanl,True,True,False,False,True,False,"ACCEPT for builder behind a structure gate: ESMA workbook path, XSD-validated. NOT production-eligible until formally accepted by the path-map review policy.",medium,PATH axis only. Production XML also requires DATA readiness (data_readiness=pending_delivery_certification); production_ready=False for all fields. Workbook path re-validated against XSD; awaiting formal acceptance.
RREL27,purpose,inferred_high_confidence,workbook_xsd_validated,Document/ScrtstnNonAsstBckdComrclPprUndrlygXpsrRpt/NewCrrctn/ScrtstnRpt/UndrlygXpsrRcrd/UndrlygXpsrData/ResdtlRealEsttLn/PrfrmgLn/UndrlygXpsrCmonData/UndrlygXpsrDtls/Purp,True,True,False,False,True,False,"ACCEPT for builder behind a structure gate: ESMA workbook path, XSD-validated. NOT production-eligible until formally accepted by the path-map review policy.",medium,PATH axis only. Production XML also requires DATA readiness (data_readiness=pending_delivery_certification); production_ready=False for all fields. Workbook path re-validated against XSD; awaiting formal acceptance.
RREL28,currency_denomination,unresolved,unresolved,,False,False,False,True,True,True,DO NOT PROMOTE: no XSD/workbook/sample evidence; production-blocking.,high,PATH axis only. Production XML also requires DATA readiness (data_readiness=pending_delivery_certification); production_ready=False for all fields.
RREL29,original_principal_balance,inferred_high_confidence,workbook_xsd_validated,Document/ScrtstnNonAsstBckdComrclPprUndrlygXpsrRpt/NewCrrctn/ScrtstnRpt/UndrlygXpsrRcrd/UndrlygXpsrData/ResdtlRealEsttLn/PrfrmgLn/UndrlygXpsrCmonData/UndrlygXpsrDtls/BalDtls/OrgnlPrncplBal,True,True,False,False,True,False,"ACCEPT for builder behind a structure gate: ESMA workbook path, XSD-validated. NOT production-eligible until formally accepted by the path-map review policy.",medium,PATH axis only. Production XML also requires DATA readiness (data_readiness=pending_delivery_certification); production_ready=False for all fields. Workbook path re-validated against XSD; awaiting formal acceptance.
RREL30,current_principal_balance,inferred_high_confidence,workbook_xsd_validated,Document/ScrtstnNonAsstBckdComrclPprUndrlygXpsrRpt/NewCrrctn/ScrtstnRpt/UndrlygXpsrRcrd/UndrlygXpsrData/ResdtlRealEsttLn/PrfrmgLn/UndrlygXpsrCmonData/UndrlygXpsrDtls/BalDtls/CurPrncplBal,True,True,False,False,True,False,"ACCEPT for builder behind a structure gate: ESMA workbook path, XSD-validated. NOT production-eligible until formally accepted by the path-map review policy.",medium,PATH axis only. Production XML also requires DATA readiness (data_readiness=pending_delivery_certification); production_ready=False for all fields. Workbook path re-validated against XSD; awaiting formal acceptance.
RREL31,prior_principal_balances,confirmed,confirmed_by_xsd_sample,Document/ScrtstnNonAsstBckdComrclPprUndrlygXpsrRpt/NewCrrctn/ScrtstnRpt/UndrlygXpsrRcrd/UndrlygXpsrData/ResdtlRealEsttLn/PrfrmgLn/UndrlygXpsrCmonData/UndrlygXpsrDtls/BalDtls/PrrPrncplBal,True,False,True,False,False,False,PROMOTE path: production-eligible XML path (XSD+sample). Production XML still requires DATA readiness (separate axis).,low,PATH axis only. Production XML also requires DATA readiness (data_readiness=pending_delivery_certification); production_ready=False for all fields.
RREL32,pari_passu_underlying_exposures,confirmed,confirmed_by_xsd_sample,Document/ScrtstnNonAsstBckdComrclPprUndrlygXpsrRpt/NewCrrctn/ScrtstnRpt/UndrlygXpsrRcrd/UndrlygXpsrData/ResdtlRealEsttLn/PrfrmgLn/UndrlygXpsrCmonData/UndrlygXpsrDtls/BalDtls/PrpssUndrlygXpsr,True,False,True,False,False,False,PROMOTE path: production-eligible XML path (XSD+sample). Production XML still requires DATA readiness (separate axis).,low,PATH axis only. Production XML also requires DATA readiness (data_readiness=pending_delivery_certification); production_ready=False for all fields.
RREL33,total_credit_limit,inferred_high_confidence,workbook_xsd_validated,Document/ScrtstnNonAsstBckdComrclPprUndrlygXpsrRpt/NewCrrctn/ScrtstnRpt/UndrlygXpsrRcrd/UndrlygXpsrData/ResdtlRealEsttLn/PrfrmgLn/UndrlygXpsrCmonData/UndrlygXpsrDtls/BalDtls/TtlCdtLmt,True,True,False,False,True,False,"ACCEPT for builder behind a structure gate: ESMA workbook path, XSD-validated. NOT production-eligible until formally accepted by the path-map review policy.",medium,PATH axis only. Production XML also requires DATA readiness (data_readiness=pending_delivery_certification); production_ready=False for all fields. Workbook path re-validated against XSD; awaiting formal acceptance.
RREL34,purchase_price,inferred_high_confidence,workbook_xsd_validated,Document/ScrtstnNonAsstBckdComrclPprUndrlygXpsrRpt/NewCrrctn/ScrtstnRpt/UndrlygXpsrRcrd/UndrlygXpsrData/ResdtlRealEsttLn/PrfrmgLn/UndrlygXpsrCmonData/UndrlygXpsrDtls/BalDtls/PurchsPric,True,True,False,False,True,False,"ACCEPT for builder behind a structure gate: ESMA workbook path, XSD-validated. NOT production-eligible until formally accepted by the path-map review policy.",medium,PATH axis only. Production XML also requires DATA readiness (data_readiness=pending_delivery_certification); production_ready=False for all fields. Workbook path re-validated against XSD; awaiting formal acceptance.
RREL35,amortisation_type,inferred_high_confidence,workbook_xsd_validated,Document/ScrtstnNonAsstBckdComrclPprUndrlygXpsrRpt/NewCrrctn/ScrtstnRpt/UndrlygXpsrRcrd/UndrlygXpsrData/ResdtlRealEsttLn/PrfrmgLn/UndrlygXpsrCmonData/UndrlygXpsrDtls/RpmtDtls/AmtstnTp,True,True,False,False,True,False,"ACCEPT for builder behind a structure gate: ESMA workbook path, XSD-validated. NOT production-eligible until formally accepted by the path-map review policy.",medium,PATH axis only. Production XML also requires DATA readiness (data_readiness=pending_delivery_certification); production_ready=False for all fields. Workbook path re-validated against XSD; awaiting formal acceptance.
RREL36,principal_grace_period_end_date,inferred_high_confidence,workbook_xsd_validated,Document/ScrtstnNonAsstBckdComrclPprUndrlygXpsrRpt/NewCrrctn/ScrtstnRpt/UndrlygXpsrRcrd/UndrlygXpsrData/ResdtlRealEsttLn/PrfrmgLn/UndrlygXpsrCmonData/UndrlygXpsrDtls/RpmtDtls/CmonData/GracePrdEndDt,True,True,False,False,True,False,"ACCEPT for builder behind a structure gate: ESMA workbook path, XSD-validated. NOT production-eligible until formally accepted by the path-map review policy.",medium,PATH axis only. Production XML also requires DATA readiness (data_readiness=pending_delivery_certification); production_ready=False for all fields. Workbook path re-validated against XSD; awaiting formal acceptance.
RREL37,scheduled_principal_payment_frequency,inferred_high_confidence,workbook_xsd_validated,Document/ScrtstnNonAsstBckdComrclPprUndrlygXpsrRpt/NewCrrctn/ScrtstnRpt/UndrlygXpsrRcrd/UndrlygXpsrData/ResdtlRealEsttLn/PrfrmgLn/UndrlygXpsrCmonData/UndrlygXpsrDtls/RpmtDtls/CmonData/SchdldPmtFrqcy,True,True,False,False,True,False,"ACCEPT for builder behind a structure gate: ESMA workbook path, XSD-validated. NOT production-eligible until formally accepted by the path-map review policy.",medium,PATH axis only. Production XML also requires DATA readiness (data_readiness=pending_delivery_certification); production_ready=False for all fields. Workbook path re-validated against XSD; awaiting formal acceptance.
RREL38,scheduled_interest_payment_frequency,inferred_high_confidence,workbook_xsd_validated,Document/ScrtstnNonAsstBckdComrclPprUndrlygXpsrRpt/NewCrrctn/ScrtstnRpt/UndrlygXpsrRcrd/UndrlygXpsrData/ResdtlRealEsttLn/PrfrmgLn/UndrlygXpsrCmonData/UndrlygXpsrDtls/RpmtDtls/CmonData/IntrstPmtFrqcy,True,True,False,False,True,False,"ACCEPT for builder behind a structure gate: ESMA workbook path, XSD-validated. NOT production-eligible until formally accepted by the path-map review policy.",medium,PATH axis only. Production XML also requires DATA readiness (data_readiness=pending_delivery_certification); production_ready=False for all fields. Workbook path re-validated against XSD; awaiting formal acceptance.
RREL39,payment_due,inferred_high_confidence,workbook_xsd_validated,Document/ScrtstnNonAsstBckdComrclPprUndrlygXpsrRpt/NewCrrctn/ScrtstnRpt/UndrlygXpsrRcrd/UndrlygXpsrData/ResdtlRealEsttLn/PrfrmgLn/UndrlygXpsrCmonData/PrfrmncDtls/PmtDtls/PmtDue,True,True,False,False,True,False,"ACCEPT for builder behind a structure gate: ESMA workbook path, XSD-validated. NOT production-eligible until formally accepted by the path-map review policy.",medium,PATH axis only. Production XML also requires DATA readiness (data_readiness=pending_delivery_certification); production_ready=False for all fields. Workbook path re-validated against XSD; awaiting formal acceptance.
RREL40,debt_to_income_ratio,confirmed,confirmed_by_xsd_sample,Document/ScrtstnNonAsstBckdComrclPprUndrlygXpsrRpt/NewCrrctn/ScrtstnRpt/UndrlygXpsrRcrd/UndrlygXpsrData/ResdtlRealEsttLn/PrfrmgLn/UndrlygXpsrCmonData/RskDtls/DebtToIncm,True,False,True,False,False,False,PROMOTE path: production-eligible XML path (XSD+sample). Production XML still requires DATA readiness (separate axis).,low,PATH axis only. Production XML also requires DATA readiness (data_readiness=pending_delivery_certification); production_ready=False for all fields.
RREL41,balloon_amount,confirmed,confirmed_by_xsd_sample,Document/ScrtstnNonAsstBckdComrclPprUndrlygXpsrRpt/NewCrrctn/ScrtstnRpt/UndrlygXpsrRcrd/UndrlygXpsrData/ResdtlRealEsttLn/PrfrmgLn/UndrlygXpsrCmonData/UndrlygXpsrDtls/RpmtDtls/BllnAmt,True,False,True,False,False,False,PROMOTE path: production-eligible XML path (XSD+sample). Production XML still requires DATA readiness (separate axis).,low,PATH axis only. Production XML also requires DATA readiness (data_readiness=pending_delivery_certification); production_ready=False for all fields.
RREL42,interest_rate_type,inferred_high_confidence,workbook_xsd_validated,Document/ScrtstnNonAsstBckdComrclPprUndrlygXpsrRpt/NewCrrctn/ScrtstnRpt/UndrlygXpsrRcrd/UndrlygXpsrData/ResdtlRealEsttLn/PrfrmgLn/UndrlygXpsrCmonData/UndrlygXpsrDtls/IntrstRateDtls/Tp,True,True,False,False,True,False,"ACCEPT for builder behind a structure gate: ESMA workbook path, XSD-validated. NOT production-eligible until formally accepted by the path-map review policy.",medium,PATH axis only. Production XML also requires DATA readiness (data_readiness=pending_delivery_certification); production_ready=False for all fields. Workbook path re-validated against XSD; awaiting formal acceptance.
RREL43,current_interest_rate,inferred_high_confidence,workbook_xsd_validated,Document/ScrtstnNonAsstBckdComrclPprUndrlygXpsrRpt/NewCrrctn/ScrtstnRpt/UndrlygXpsrRcrd/UndrlygXpsrData/ResdtlRealEsttLn/PrfrmgLn/UndrlygXpsrCmonData/UndrlygXpsrDtls/IntrstRateDtls/CmonData/CurRate,True,True,False,False,True,False,"ACCEPT for builder behind a structure gate: ESMA workbook path, XSD-validated. NOT production-eligible until formally accepted by the path-map review policy.",medium,PATH axis only. Production XML also requires DATA readiness (data_readiness=pending_delivery_certification); production_ready=False for all fields. Workbook path re-validated against XSD; awaiting formal acceptance.
RREL44,current_interest_rate_index,inferred_high_confidence,workbook_xsd_validated,Document/ScrtstnNonAsstBckdComrclPprUndrlygXpsrRpt/NewCrrctn/ScrtstnRpt/UndrlygXpsrRcrd/UndrlygXpsrData/ResdtlRealEsttLn/PrfrmgLn/UndrlygXpsrCmonData/UndrlygXpsrDtls/IntrstRateDtls/CmonData/CurIndx,True,True,False,False,True,False,"ACCEPT for builder behind a structure gate: ESMA workbook path, XSD-validated. NOT production-eligible until formally accepted by the path-map review policy.",medium,PATH axis only. Production XML also requires DATA readiness (data_readiness=pending_delivery_certification); production_ready=False for all fields. Workbook path re-validated against XSD; awaiting formal acceptance.
RREL45,current_interest_rate_index_tenor,inferred_high_confidence,workbook_xsd_validated,Document/ScrtstnNonAsstBckdComrclPprUndrlygXpsrRpt/NewCrrctn/ScrtstnRpt/UndrlygXpsrRcrd/UndrlygXpsrData/ResdtlRealEsttLn/PrfrmgLn/UndrlygXpsrCmonData/UndrlygXpsrDtls/IntrstRateDtls/CmonData/CurTnor,True,True,False,False,True,False,"ACCEPT for builder behind a structure gate: ESMA workbook path, XSD-validated. NOT production-eligible until formally accepted by the path-map review policy.",medium,PATH axis only. Production XML also requires DATA readiness (data_readiness=pending_delivery_certification); production_ready=False for all fields. Workbook path re-validated against XSD; awaiting formal acceptance.
RREL46,current_interest_rate_margin,inferred_high_confidence,workbook_xsd_validated,Document/ScrtstnNonAsstBckdComrclPprUndrlygXpsrRpt/NewCrrctn/ScrtstnRpt/UndrlygXpsrRcrd/UndrlygXpsrData/ResdtlRealEsttLn/PrfrmgLn/UndrlygXpsrCmonData/UndrlygXpsrDtls/IntrstRateDtls/CurIntrstRateMrgn,True,True,False,False,True,False,"ACCEPT for builder behind a structure gate: ESMA workbook path, XSD-validated. NOT production-eligible until formally accepted by the path-map review policy.",medium,PATH axis only. Production XML also requires DATA readiness (data_readiness=pending_delivery_certification); production_ready=False for all fields. Workbook path re-validated against XSD; awaiting formal acceptance.
RREL47,interest_rate_reset_interval,inferred_high_confidence,workbook_xsd_validated,Document/ScrtstnNonAsstBckdComrclPprUndrlygXpsrRpt/NewCrrctn/ScrtstnRpt/UndrlygXpsrRcrd/UndrlygXpsrData/ResdtlRealEsttLn/PrfrmgLn/UndrlygXpsrCmonData/UndrlygXpsrDtls/IntrstRateDtls/AddtlCmonData/RstIntrvl,True,True,False,False,True,False,"ACCEPT for builder behind a structure gate: ESMA workbook path, XSD-validated. NOT production-eligible until formally accepted by the path-map review policy.",medium,PATH axis only. Production XML also requires DATA readiness (data_readiness=pending_delivery_certification); production_ready=False for all fields. Workbook path re-validated against XSD; awaiting formal acceptance.
RREL48,interest_rate_cap,inferred_high_confidence,workbook_xsd_validated,Document/ScrtstnNonAsstBckdComrclPprUndrlygXpsrRpt/NewCrrctn/ScrtstnRpt/UndrlygXpsrRcrd/UndrlygXpsrData/ResdtlRealEsttLn/PrfrmgLn/UndrlygXpsrCmonData/UndrlygXpsrDtls/IntrstRateDtls/AddtlCmonData/Cap,True,True,False,False,True,False,"ACCEPT for builder behind a structure gate: ESMA workbook path, XSD-validated. NOT production-eligible until formally accepted by the path-map review policy.",medium,PATH axis only. Production XML also requires DATA readiness (data_readiness=pending_delivery_certification); production_ready=False for all fields. Workbook path re-validated against XSD; awaiting formal acceptance.
RREL49,interest_rate_floor,inferred_high_confidence,workbook_xsd_validated,Document/ScrtstnNonAsstBckdComrclPprUndrlygXpsrRpt/NewCrrctn/ScrtstnRpt/UndrlygXpsrRcrd/UndrlygXpsrData/ResdtlRealEsttLn/PrfrmgLn/UndrlygXpsrCmonData/UndrlygXpsrDtls/IntrstRateDtls/AddtlCmonData/Flr,True,True,False,False,True,False,"ACCEPT for builder behind a structure gate: ESMA workbook path, XSD-validated. NOT production-eligible until formally accepted by the path-map review policy.",medium,PATH axis only. Production XML also requires DATA readiness (data_readiness=pending_delivery_certification); production_ready=False for all fields. Workbook path re-validated against XSD; awaiting formal acceptance.
RREL50,revision_margin_1,inferred_high_confidence,workbook_xsd_validated,Document/ScrtstnNonAsstBckdComrclPprUndrlygXpsrRpt/NewCrrctn/ScrtstnRpt/UndrlygXpsrRcrd/UndrlygXpsrData/ResdtlRealEsttLn/PrfrmgLn/UndrlygXpsrCmonData/UndrlygXpsrDtls/IntrstRateDtls/FrstRvsnData/Mrgn,True,True,False,False,True,False,"ACCEPT for builder behind a structure gate: ESMA workbook path, XSD-validated. NOT production-eligible until formally accepted by the path-map review policy.",medium,PATH axis only. Production XML also requires DATA readiness (data_readiness=pending_delivery_certification); production_ready=False for all fields. Workbook path re-validated against XSD; awaiting formal acceptance.
RREL51,interest_revision_date_1,inferred_high_confidence,workbook_xsd_validated,Document/ScrtstnNonAsstBckdComrclPprUndrlygXpsrRpt/NewCrrctn/ScrtstnRpt/UndrlygXpsrRcrd/UndrlygXpsrData/ResdtlRealEsttLn/PrfrmgLn/UndrlygXpsrCmonData/UndrlygXpsrDtls/IntrstRateDtls/FrstRvsnData/IntrstRvsnDt,True,True,False,False,True,False,"ACCEPT for builder behind a structure gate: ESMA workbook path, XSD-validated. NOT production-eligible until formally accepted by the path-map review policy.",medium,PATH axis only. Production XML also requires DATA readiness (data_readiness=pending_delivery_certification); production_ready=False for all fields. Workbook path re-validated against XSD; awaiting formal acceptance.
RREL52,revision_margin_2,inferred_high_confidence,workbook_xsd_validated,Document/ScrtstnNonAsstBckdComrclPprUndrlygXpsrRpt/NewCrrctn/ScrtstnRpt/UndrlygXpsrRcrd/UndrlygXpsrData/ResdtlRealEsttLn/PrfrmgLn/UndrlygXpsrCmonData/UndrlygXpsrDtls/IntrstRateDtls/ScndRvsnData/Mrgn,True,True,False,False,True,False,"ACCEPT for builder behind a structure gate: ESMA workbook path, XSD-validated. NOT production-eligible until formally accepted by the path-map review policy.",medium,PATH axis only. Production XML also requires DATA readiness (data_readiness=pending_delivery_certification); production_ready=False for all fields. Workbook path re-validated against XSD; awaiting formal acceptance.
RREL53,interest_revision_date_2,inferred_high_confidence,workbook_xsd_validated,Document/ScrtstnNonAsstBckdComrclPprUndrlygXpsrRpt/NewCrrctn/ScrtstnRpt/UndrlygXpsrRcrd/UndrlygXpsrData/ResdtlRealEsttLn/PrfrmgLn/UndrlygXpsrCmonData/UndrlygXpsrDtls/IntrstRateDtls/ScndRvsnData/IntrstRvsnDt,True,True,False,False,True,False,"ACCEPT for builder behind a structure gate: ESMA workbook path, XSD-validated. NOT production-eligible until formally accepted by the path-map review policy.",medium,PATH axis only. Production XML also requires DATA readiness (data_readiness=pending_delivery_certification); production_ready=False for all fields. Workbook path re-validated against XSD; awaiting formal acceptance.
RREL54,revision_margin_3,inferred_high_confidence,workbook_xsd_validated,Document/ScrtstnNonAsstBckdComrclPprUndrlygXpsrRpt/NewCrrctn/ScrtstnRpt/UndrlygXpsrRcrd/UndrlygXpsrData/ResdtlRealEsttLn/PrfrmgLn/UndrlygXpsrCmonData/UndrlygXpsrDtls/IntrstRateDtls/ThrdRvsnData/Mrgn,True,True,False,False,True,False,"ACCEPT for builder behind a structure gate: ESMA workbook path, XSD-validated. NOT production-eligible until formally accepted by the path-map review policy.",medium,PATH axis only. Production XML also requires DATA readiness (data_readiness=pending_delivery_certification); production_ready=False for all fields. Workbook path re-validated against XSD; awaiting formal acceptance.
RREL55,interest_revision_date_3,inferred_high_confidence,workbook_xsd_validated,Document/ScrtstnNonAsstBckdComrclPprUndrlygXpsrRpt/NewCrrctn/ScrtstnRpt/UndrlygXpsrRcrd/UndrlygXpsrData/ResdtlRealEsttLn/PrfrmgLn/UndrlygXpsrCmonData/UndrlygXpsrDtls/IntrstRateDtls/ThrdRvsnData/IntrstRvsnDt,True,True,False,False,True,False,"ACCEPT for builder behind a structure gate: ESMA workbook path, XSD-validated. NOT production-eligible until formally accepted by the path-map review policy.",medium,PATH axis only. Production XML also requires DATA readiness (data_readiness=pending_delivery_certification); production_ready=False for all fields. Workbook path re-validated against XSD; awaiting formal acceptance.
RREL56,revised_interest_rate_index,inferred_high_confidence,workbook_xsd_validated,Document/ScrtstnNonAsstBckdComrclPprUndrlygXpsrRpt/NewCrrctn/ScrtstnRpt/UndrlygXpsrRcrd/UndrlygXpsrData/ResdtlRealEsttLn/PrfrmgLn/UndrlygXpsrCmonData/UndrlygXpsrDtls/IntrstRateDtls/RvisdIntrstRateIndx,True,True,False,False,True,False,"ACCEPT for builder behind a structure gate: ESMA workbook path, XSD-validated. NOT production-eligible until formally accepted by the path-map review policy.",medium,PATH axis only. Production XML also requires DATA readiness (data_readiness=pending_delivery_certification); production_ready=False for all fields. Workbook path re-validated against XSD; awaiting formal acceptance.
RREL57,revised_interest_rate_index_tenor,inferred_high_confidence,workbook_xsd_validated,Document/ScrtstnNonAsstBckdComrclPprUndrlygXpsrRpt/NewCrrctn/ScrtstnRpt/UndrlygXpsrRcrd/UndrlygXpsrData/ResdtlRealEsttLn/PrfrmgLn/UndrlygXpsrCmonData/UndrlygXpsrDtls/IntrstRateDtls/RvisdIntrstRateIndxTnor,True,True,False,False,True,False,"ACCEPT for builder behind a structure gate: ESMA workbook path, XSD-validated. NOT production-eligible until formally accepted by the path-map review policy.",medium,PATH axis only. Production XML also requires DATA readiness (data_readiness=pending_delivery_certification); production_ready=False for all fields. Workbook path re-validated against XSD; awaiting formal acceptance.
RREL58,number_of_payments_before_securitisation,inferred_high_confidence,workbook_xsd_validated,Document/ScrtstnNonAsstBckdComrclPprUndrlygXpsrRpt/NewCrrctn/ScrtstnRpt/UndrlygXpsrRcrd/UndrlygXpsrData/ResdtlRealEsttLn/PrfrmgLn/UndrlygXpsrCmonData/PrfrmncDtls/PmtDtls/NbOfPmtsBfrScrtstn,True,True,False,False,True,False,"ACCEPT for builder behind a structure gate: ESMA workbook path, XSD-validated. NOT production-eligible until formally accepted by the path-map review policy.",medium,PATH axis only. Production XML also requires DATA readiness (data_readiness=pending_delivery_certification); production_ready=False for all fields. Workbook path re-validated against XSD; awaiting formal acceptance.
RREL59,percentage_of_prepayments_allowed_per_year,inferred_high_confidence,workbook_xsd_validated,Document/ScrtstnNonAsstBckdComrclPprUndrlygXpsrRpt/NewCrrctn/ScrtstnRpt/UndrlygXpsrRcrd/UndrlygXpsrData/ResdtlRealEsttLn/PrfrmgLn/UndrlygXpsrCmonData/PrfrmncDtls/PrepmtDtls/PrepmtCmonData/AllwdPerYr,True,True,False,False,True,False,"ACCEPT for builder behind a structure gate: ESMA workbook path, XSD-validated. NOT production-eligible until formally accepted by the path-map review policy.",medium,PATH axis only. Production XML also requires DATA readiness (data_readiness=pending_delivery_certification); production_ready=False for all fields. Workbook path re-validated against XSD; awaiting formal acceptance.
RREL60,prepayment_lock_out_end_date,inferred_high_confidence,workbook_xsd_validated,Document/ScrtstnNonAsstBckdComrclPprUndrlygXpsrRpt/NewCrrctn/ScrtstnRpt/UndrlygXpsrRcrd/UndrlygXpsrData/ResdtlRealEsttLn/PrfrmgLn/UndrlygXpsrCmonData/PrfrmncDtls/PrepmtDtls/LckOutEndDt,True,True,False,False,True,False,"ACCEPT for builder behind a structure gate: ESMA workbook path, XSD-validated. NOT production-eligible until formally accepted by the path-map review policy.",medium,PATH axis only. Production XML also requires DATA readiness (data_readiness=pending_delivery_certification); production_ready=False for all fields. Workbook path re-validated against XSD; awaiting formal acceptance.
RREL61,prepayment_fee,inferred_high_confidence,workbook_xsd_validated,Document/ScrtstnNonAsstBckdComrclPprUndrlygXpsrRpt/NewCrrctn/ScrtstnRpt/UndrlygXpsrRcrd/UndrlygXpsrData/ResdtlRealEsttLn/PrfrmgLn/UndrlygXpsrCmonData/PrfrmncDtls/PrepmtDtls/PrepmtCmonData/Fee,True,True,False,False,True,False,"ACCEPT for builder behind a structure gate: ESMA workbook path, XSD-validated. NOT production-eligible until formally accepted by the path-map review policy.",medium,PATH axis only. Production XML also requires DATA readiness (data_readiness=pending_delivery_certification); production_ready=False for all fields. Workbook path re-validated against XSD; awaiting formal acceptance.
RREL62,prepayment_fee_end_date,inferred_high_confidence,workbook_xsd_validated,Document/ScrtstnNonAsstBckdComrclPprUndrlygXpsrRpt/NewCrrctn/ScrtstnRpt/UndrlygXpsrRcrd/UndrlygXpsrData/ResdtlRealEsttLn/PrfrmgLn/UndrlygXpsrCmonData/PrfrmncDtls/PrepmtDtls/PrepmtCmonData/FeeEndDt,True,True,False,False,True,False,"ACCEPT for builder behind a structure gate: ESMA workbook path, XSD-validated. NOT production-eligible until formally accepted by the path-map review policy.",medium,PATH axis only. Production XML also requires DATA readiness (data_readiness=pending_delivery_certification); production_ready=False for all fields. Workbook path re-validated against XSD; awaiting formal acceptance.
RREL63,prepayment_date,inferred_high_confidence,workbook_xsd_validated,Document/ScrtstnNonAsstBckdComrclPprUndrlygXpsrRpt/NewCrrctn/ScrtstnRpt/UndrlygXpsrRcrd/UndrlygXpsrData/ResdtlRealEsttLn/PrfrmgLn/UndrlygXpsrCmonData/PrfrmncDtls/PrepmtDtls/PrepmtCmonData/LatstDt,True,True,False,False,True,False,"ACCEPT for builder behind a structure gate: ESMA workbook path, XSD-validated. NOT production-eligible until formally accepted by the path-map review policy.",medium,PATH axis only. Production XML also requires DATA readiness (data_readiness=pending_delivery_certification); production_ready=False for all fields. Workbook path re-validated against XSD; awaiting formal acceptance.
RREL64,cumulative_prepayments,inferred_high_confidence,workbook_xsd_validated,Document/ScrtstnNonAsstBckdComrclPprUndrlygXpsrRpt/NewCrrctn/ScrtstnRpt/UndrlygXpsrRcrd/UndrlygXpsrData/ResdtlRealEsttLn/PrfrmgLn/UndrlygXpsrCmonData/PrfrmncDtls/PrepmtDtls/PrepmtCmonData/CmltvAmt,True,True,False,False,True,False,"ACCEPT for builder behind a structure gate: ESMA workbook path, XSD-validated. NOT production-eligible until formally accepted by the path-map review policy.",medium,PATH axis only. Production XML also requires DATA readiness (data_readiness=pending_delivery_certification); production_ready=False for all fields. Workbook path re-validated against XSD; awaiting formal acceptance.
RREL65,date_of_repurchase,inferred_high_confidence,workbook_xsd_validated,Document/ScrtstnNonAsstBckdComrclPprUndrlygXpsrRpt/NewCrrctn/ScrtstnRpt/UndrlygXpsrRcrd/UndrlygXpsrData/ResdtlRealEsttLn/PrfrmgLn/UndrlygXpsrCmonData/PrfrmncDtls/GnlAttrbts/RstrgDt,True,True,False,False,True,False,"ACCEPT for builder behind a structure gate: ESMA workbook path, XSD-validated. NOT production-eligible until formally accepted by the path-map review policy.",medium,PATH axis only. Production XML also requires DATA readiness (data_readiness=pending_delivery_certification); production_ready=False for all fields. Workbook path re-validated against XSD; awaiting formal acceptance.
RREL66,date_last_in_arrears,inferred_high_confidence,workbook_xsd_validated,Document/ScrtstnNonAsstBckdComrclPprUndrlygXpsrRpt/NewCrrctn/ScrtstnRpt/UndrlygXpsrRcrd/UndrlygXpsrData/ResdtlRealEsttLn/PrfrmgLn/UndrlygXpsrCmonData/PrfrmncDtls/ArrearsDtls/DtLastInArrears,True,True,False,False,True,False,"ACCEPT for builder behind a structure gate: ESMA workbook path, XSD-validated. NOT production-eligible until formally accepted by the path-map review policy.",medium,PATH axis only. Production XML also requires DATA readiness (data_readiness=pending_delivery_certification); production_ready=False for all fields. Workbook path re-validated against XSD; awaiting formal acceptance.
RREL67,arrears_balance,unresolved,manual_review_required,,False,False,False,True,True,True,DO NOT PROMOTE: needs a manual ESMA-code -> XSD-element crosswalk.,high,PATH axis only. Production XML also requires DATA readiness (data_readiness=pending_delivery_certification); production_ready=False for all fields.
RREL68,number_of_days_in_arrears,inferred_high_confidence,workbook_xsd_validated,Document/ScrtstnNonAsstBckdComrclPprUndrlygXpsrRpt/NewCrrctn/ScrtstnRpt/UndrlygXpsrRcrd/UndrlygXpsrData/ResdtlRealEsttLn/PrfrmgLn/UndrlygXpsrCmonData/PrfrmncDtls/ArrearsDtls/NbOfDaysInArrears,True,True,False,False,True,False,"ACCEPT for builder behind a structure gate: ESMA workbook path, XSD-validated. NOT production-eligible until formally accepted by the path-map review policy.",medium,PATH axis only. Production XML also requires DATA readiness (data_readiness=pending_delivery_certification); production_ready=False for all fields. Workbook path re-validated against XSD; awaiting formal acceptance.
RREL69,account_status,confirmed,confirmed_by_xsd_sample,Document/ScrtstnNonAsstBckdComrclPprUndrlygXpsrRpt/NewCrrctn/ScrtstnRpt/UndrlygXpsrRcrd/UndrlygXpsrData/ResdtlRealEsttLn/PrfrmgLn/UndrlygXpsrCmonData/PrfrmncDtls/GnlAttrbts/AcctSts,True,False,True,False,False,False,PROMOTE path: production-eligible XML path (XSD+sample). Production XML still requires DATA readiness (separate axis).,low,PATH axis only. Production XML also requires DATA readiness (data_readiness=pending_delivery_certification); production_ready=False for all fields.
RREL70,reason_for_default_or_foreclosure,inferred_high_confidence,workbook_xsd_validated,Document/ScrtstnNonAsstBckdComrclPprUndrlygXpsrRpt/NewCrrctn/ScrtstnRpt/UndrlygXpsrRcrd/UndrlygXpsrData/ResdtlRealEsttLn/PrfrmgLn/UndrlygXpsrCmonData/PrfrmncDtls/DfltDtls/CmonData/DfltOrFrclsrRsn,True,True,False,False,True,False,"ACCEPT for builder behind a structure gate: ESMA workbook path, XSD-validated. NOT production-eligible until formally accepted by the path-map review policy.",medium,PATH axis only. Production XML also requires DATA readiness (data_readiness=pending_delivery_certification); production_ready=False for all fields. Workbook path re-validated against XSD; awaiting formal acceptance.
RREL71,default_amount,inferred_high_confidence,workbook_xsd_validated,Document/ScrtstnNonAsstBckdComrclPprUndrlygXpsrRpt/NewCrrctn/ScrtstnRpt/UndrlygXpsrRcrd/UndrlygXpsrData/ResdtlRealEsttLn/PrfrmgLn/UndrlygXpsrCmonData/PrfrmncDtls/DfltDtls/CmonData/GrssDflt,True,True,False,False,True,False,"ACCEPT for builder behind a structure gate: ESMA workbook path, XSD-validated. NOT production-eligible until formally accepted by the path-map review policy.",medium,PATH axis only. Production XML also requires DATA readiness (data_readiness=pending_delivery_certification); production_ready=False for all fields. Workbook path re-validated against XSD; awaiting formal acceptance.
RREL72,default_date,inferred_high_confidence,workbook_xsd_validated,Document/ScrtstnNonAsstBckdComrclPprUndrlygXpsrRpt/NewCrrctn/ScrtstnRpt/UndrlygXpsrRcrd/UndrlygXpsrData/ResdtlRealEsttLn/PrfrmgLn/UndrlygXpsrCmonData/PrfrmncDtls/DfltDtls/CmonData/DtOfDflt,True,True,False,False,True,False,"ACCEPT for builder behind a structure gate: ESMA workbook path, XSD-validated. NOT production-eligible until formally accepted by the path-map review policy.",medium,PATH axis only. Production XML also requires DATA readiness (data_readiness=pending_delivery_certification); production_ready=False for all fields. Workbook path re-validated against XSD; awaiting formal acceptance.
RREL73,allocated_losses,inferred_high_confidence,workbook_xsd_validated,Document/ScrtstnNonAsstBckdComrclPprUndrlygXpsrRpt/NewCrrctn/ScrtstnRpt/UndrlygXpsrRcrd/UndrlygXpsrData/ResdtlRealEsttLn/PrfrmgLn/UndrlygXpsrCmonData/PrfrmncDtls/DfltDtls/RcvrsData/AllctdLoss,True,True,False,False,True,False,"ACCEPT for builder behind a structure gate: ESMA workbook path, XSD-validated. NOT production-eligible until formally accepted by the path-map review policy.",medium,PATH axis only. Production XML also requires DATA readiness (data_readiness=pending_delivery_certification); production_ready=False for all fields. Workbook path re-validated against XSD; awaiting formal acceptance.
RREL74,cumulative_recoveries,inferred_high_confidence,workbook_xsd_validated,Document/ScrtstnNonAsstBckdComrclPprUndrlygXpsrRpt/NewCrrctn/ScrtstnRpt/UndrlygXpsrRcrd/UndrlygXpsrData/ResdtlRealEsttLn/PrfrmgLn/UndrlygXpsrCmonData/PrfrmncDtls/DfltDtls/RcvrsData/CmltvRcvrs,True,True,False,False,True,False,"ACCEPT for builder behind a structure gate: ESMA workbook path, XSD-validated. NOT production-eligible until formally accepted by the path-map review policy.",medium,PATH axis only. Production XML also requires DATA readiness (data_readiness=pending_delivery_certification); production_ready=False for all fields. Workbook path re-validated against XSD; awaiting formal acceptance.
RREL75,litigation,inferred_high_confidence,workbook_xsd_validated,Document/ScrtstnNonAsstBckdComrclPprUndrlygXpsrRpt/NewCrrctn/ScrtstnRpt/UndrlygXpsrRcrd/UndrlygXpsrData/ResdtlRealEsttLn/PrfrmgLn/UndrlygXpsrCmonData/PrfrmncDtls/DfltDtls/Ltgtn,True,True,False,False,True,False,"ACCEPT for builder behind a structure gate: ESMA workbook path, XSD-validated. NOT production-eligible until formally accepted by the path-map review policy.",medium,PATH axis only. Production XML also requires DATA readiness (data_readiness=pending_delivery_certification); production_ready=False for all fields. Workbook path re-validated against XSD; awaiting formal acceptance.
RREL76,recourse,inferred_high_confidence,workbook_xsd_validated,Document/ScrtstnNonAsstBckdComrclPprUndrlygXpsrRpt/NewCrrctn/ScrtstnRpt/UndrlygXpsrRcrd/UndrlygXpsrData/ResdtlRealEsttLn/PrfrmgLn/UndrlygXpsrCmonData/RskDtls/Rcrs,True,True,False,False,True,False,"ACCEPT for builder behind a structure gate: ESMA workbook path, XSD-validated. NOT production-eligible until formally accepted by the path-map review policy.",medium,PATH axis only. Production XML also requires DATA readiness (data_readiness=pending_delivery_certification); production_ready=False for all fields. Workbook path re-validated against XSD; awaiting formal acceptance.
RREL77,deposit_amount,inferred_high_confidence,workbook_xsd_validated,Document/ScrtstnNonAsstBckdComrclPprUndrlygXpsrRpt/NewCrrctn/ScrtstnRpt/UndrlygXpsrRcrd/UndrlygXpsrData/ResdtlRealEsttLn/PrfrmgLn/UndrlygXpsrCmonData/RskDtls/Dpst,True,True,False,False,True,False,"ACCEPT for builder behind a structure gate: ESMA workbook path, XSD-validated. NOT production-eligible until formally accepted by the path-map review policy.",medium,PATH axis only. Production XML also requires DATA readiness (data_readiness=pending_delivery_certification); production_ready=False for all fields. Workbook path re-validated against XSD; awaiting formal acceptance.
RREL78,insurance_or_investment_provider,inferred_high_confidence,workbook_xsd_validated,Document/ScrtstnNonAsstBckdComrclPprUndrlygXpsrRpt/NewCrrctn/ScrtstnRpt/UndrlygXpsrRcrd/UndrlygXpsrData/ResdtlRealEsttLn/PrfrmgLn/UndrlygXpsrCmonData/RskDtls/InsrncOrInvstmtPrvdr,True,True,False,False,True,False,"ACCEPT for builder behind a structure gate: ESMA workbook path, XSD-validated. NOT production-eligible until formally accepted by the path-map review policy.",medium,PATH axis only. Production XML also requires DATA readiness (data_readiness=pending_delivery_certification); production_ready=False for all fields. Workbook path re-validated against XSD; awaiting formal acceptance.
RREL79,original_lender_name,inferred_high_confidence,workbook_xsd_validated,Document/ScrtstnNonAsstBckdComrclPprUndrlygXpsrRpt/NewCrrctn/ScrtstnRpt/UndrlygXpsrRcrd/UndrlygXpsrData/ResdtlRealEsttLn/PrfrmgLn/UndrlygXpsrCmonData/InstnlDtls/OrgnlLndr/Nm,True,True,False,False,True,False,"ACCEPT for builder behind a structure gate: ESMA workbook path, XSD-validated. NOT production-eligible until formally accepted by the path-map review policy.",medium,PATH axis only. Production XML also requires DATA readiness (data_readiness=pending_delivery_certification); production_ready=False for all fields. Workbook path re-validated against XSD; awaiting formal acceptance.
RREL80,original_lender_legal_entity_identifier,inferred_high_confidence,workbook_xsd_validated,Document/ScrtstnNonAsstBckdComrclPprUndrlygXpsrRpt/NewCrrctn/ScrtstnRpt/UndrlygXpsrRcrd/UndrlygXpsrData/ResdtlRealEsttLn/PrfrmgLn/UndrlygXpsrCmonData/InstnlDtls/OrgnlLndr/LEICd,True,True,False,False,True,False,"ACCEPT for builder behind a structure gate: ESMA workbook path, XSD-validated. NOT production-eligible until formally accepted by the path-map review policy.",medium,PATH axis only. Production XML also requires DATA readiness (data_readiness=pending_delivery_certification); production_ready=False for all fields. Workbook path re-validated against XSD; awaiting formal acceptance.
RREL81,original_lender_establishment_country,inferred_high_confidence,workbook_xsd_validated,Document/ScrtstnNonAsstBckdComrclPprUndrlygXpsrRpt/NewCrrctn/ScrtstnRpt/UndrlygXpsrRcrd/UndrlygXpsrData/ResdtlRealEsttLn/PrfrmgLn/UndrlygXpsrCmonData/InstnlDtls/OrgnlLndr/CtryOfDmcl,True,True,False,False,True,False,"ACCEPT for builder behind a structure gate: ESMA workbook path, XSD-validated. NOT production-eligible until formally accepted by the path-map review policy.",medium,PATH axis only. Production XML also requires DATA readiness (data_readiness=pending_delivery_certification); production_ready=False for all fields. Workbook path re-validated against XSD; awaiting formal acceptance.
RREL82,originator_name,inferred_high_confidence,workbook_xsd_validated,Document/ScrtstnNonAsstBckdComrclPprUndrlygXpsrRpt/NewCrrctn/ScrtstnRpt/UndrlygXpsrRcrd/UndrlygXpsrData/ResdtlRealEsttLn/PrfrmgLn/UndrlygXpsrCmonData/InstnlDtls/Orgtr/Nm,True,True,False,False,True,False,"ACCEPT for builder behind a structure gate: ESMA workbook path, XSD-validated. NOT production-eligible until formally accepted by the path-map review policy.",medium,PATH axis only. Production XML also requires DATA readiness (data_readiness=pending_delivery_certification); production_ready=False for all fields. Workbook path re-validated against XSD; awaiting formal acceptance.
RREL83,originator_legal_entity_identifier,unresolved,manual_review_required,,False,False,False,True,True,True,DO NOT PROMOTE: needs a manual ESMA-code -> XSD-element crosswalk.,high,PATH axis only. Production XML also requires DATA readiness (data_readiness=pending_delivery_certification); production_ready=False for all fields.
RREL84,originator_establishment_country,inferred_high_confidence,workbook_xsd_validated,Document/ScrtstnNonAsstBckdComrclPprUndrlygXpsrRpt/NewCrrctn/ScrtstnRpt/UndrlygXpsrRcrd/UndrlygXpsrData/ResdtlRealEsttLn/PrfrmgLn/UndrlygXpsrCmonData/InstnlDtls/Orgtr/CtryOfDmcl,True,True,False,False,True,False,"ACCEPT for builder behind a structure gate: ESMA workbook path, XSD-validated. NOT production-eligible until formally accepted by the path-map review policy.",medium,PATH axis only. Production XML also requires DATA readiness (data_readiness=pending_delivery_certification); production_ready=False for all fields. Workbook path re-validated against XSD; awaiting formal acceptance.
