esma_code,canonical_field,record_group,xml_level,xml_path,xsd_element,xsd_type,cardinality,sequence_order,value_mode,nd_wrapper_path,mapping_status,promotion_status,evidence_source,evidence_note,blocks_production_xml,path_production_eligible,builder_eligible_behind_structure_gate,data_readiness,production_ready,owner
RREC1,unique_identifier,RREC,collateral,,,,one_per_collateral,,unknown,,unresolved,conflict,manual_review,multi-code-cell pollution: the ESMA workbook maps this collateral code outside Coll; REJECTED (XSD requires nesting under .../PrfrmgLn/Coll) — do not promote,True,False,False,pending_delivery_certification,False,config_policy
RREC2,underlying_exposure_identifier,RREC,collateral,,,,one_per_collateral,,unknown,,unresolved,conflict,manual_review,multi-code-cell pollution: the ESMA workbook maps this collateral code outside Coll; REJECTED (XSD requires nesting under .../PrfrmgLn/Coll) — do not promote,True,False,False,pending_delivery_certification,False,config_policy
RREC3,original_collateral_identifier,RREC,collateral,Document/ScrtstnNonAsstBckdComrclPprUndrlygXpsrRpt/NewCrrctn/ScrtstnRpt/UndrlygXpsrRcrd/UndrlygXpsrData/ResdtlRealEsttLn/PrfrmgLn/Coll/CollIdr/OrgnlIdr,OrgnlIdr,Max1000Text,one_per_collateral,83,value,,inferred_high_confidence,workbook_xsd_validated,workbook+xsd_validated,"ESMA mapping workbook path, re-validated against the XSD tree (residential/performing branch). High-confidence corroboration — NOT promoted to confirmed pending final-XSD sign-off.",True,False,True,pending_delivery_certification,False,manual_review
RREC4,new_collateral_identifier,RREC,collateral,Document/ScrtstnNonAsstBckdComrclPprUndrlygXpsrRpt/NewCrrctn/ScrtstnRpt/UndrlygXpsrRcrd/UndrlygXpsrData/ResdtlRealEsttLn/PrfrmgLn/Coll/CollIdr/NewIdr,NewIdr,Max1000Text,one_per_collateral,84,value,,inferred_high_confidence,workbook_xsd_validated,workbook+xsd_validated,"ESMA mapping workbook path, re-validated against the XSD tree (residential/performing branch). High-confidence corroboration — NOT promoted to confirmed pending final-XSD sign-off.",True,False,True,pending_delivery_certification,False,manual_review
RREC5,collateral_type,RREC,collateral,Document/ScrtstnNonAsstBckdComrclPprUndrlygXpsrRpt/NewCrrctn/ScrtstnRpt/UndrlygXpsrRcrd/UndrlygXpsrData/ResdtlRealEsttLn/PrfrmgLn/Coll/CollCmonData/Dtls/CmonData/CollTp,CollTp,,one_per_collateral,,value,,inferred_high_confidence,workbook_xsd_validated,workbook+xsd_validated,"ESMA mapping workbook path, re-validated against the XSD tree (residential/performing branch). High-confidence corroboration — NOT promoted to confirmed pending final-XSD sign-off.",True,False,True,pending_delivery_certification,False,manual_review
RREC6,geographic_region_collateral,RREC,collateral,Document/ScrtstnNonAsstBckdComrclPprUndrlygXpsrRpt/NewCrrctn/ScrtstnRpt/UndrlygXpsrRcrd/UndrlygXpsrData/ResdtlRealEsttLn/PrfrmgLn/Coll/CollCmonData/Dtls/CmonData/TrtrlUnitClssfctn,TrtrlUnitClssfctn,,one_per_collateral,,value_or_nodata,Document/ScrtstnNonAsstBckdComrclPprUndrlygXpsrRpt/NewCrrctn/ScrtstnRpt/UndrlygXpsrRcrd/UndrlygXpsrData/ResdtlRealEsttLn/PrfrmgLn/Coll/CollCmonData/Dtls/CmonData/TrtrlUnitClssfctn/NoDataOptn/NoData,inferred_high_confidence,workbook_xsd_validated,workbook+xsd_validated,"ESMA mapping workbook path, re-validated against the XSD tree (residential/performing branch). High-confidence corroboration — NOT promoted to confirmed pending final-XSD sign-off.",True,False,True,pending_delivery_certification,False,manual_review
RREC7,occupancy,RREC,collateral,Document/ScrtstnNonAsstBckdComrclPprUndrlygXpsrRpt/NewCrrctn/ScrtstnRpt/UndrlygXpsrRcrd/UndrlygXpsrData/ResdtlRealEsttLn/PrfrmgLn/Coll/CollCmonData/Dtls/OccpncyTp,OccpncyTp,,one_per_collateral,,value_or_nodata,Document/ScrtstnNonAsstBckdComrclPprUndrlygXpsrRpt/NewCrrctn/ScrtstnRpt/UndrlygXpsrRcrd/UndrlygXpsrData/ResdtlRealEsttLn/PrfrmgLn/Coll/CollCmonData/Dtls/OccpncyTp/NoDataOptn/NoData,inferred_high_confidence,workbook_xsd_validated,workbook+xsd_validated,"ESMA mapping workbook path, re-validated against the XSD tree (residential/performing branch). High-confidence corroboration — NOT promoted to confirmed pending final-XSD sign-off.",True,False,True,pending_delivery_certification,False,manual_review
RREC8,lien,RREC,collateral,Document/ScrtstnNonAsstBckdComrclPprUndrlygXpsrRpt/NewCrrctn/ScrtstnRpt/UndrlygXpsrRcrd/UndrlygXpsrData/ResdtlRealEsttLn/PrfrmgLn/Coll/CollCmonData/Dtls/CmonData/LienVal,LienVal,,one_per_collateral,,value_or_nodata,Document/ScrtstnNonAsstBckdComrclPprUndrlygXpsrRpt/NewCrrctn/ScrtstnRpt/UndrlygXpsrRcrd/UndrlygXpsrData/ResdtlRealEsttLn/PrfrmgLn/Coll/CollCmonData/Dtls/CmonData/LienVal/NoDataOptn/NoData,inferred_high_confidence,workbook_xsd_validated,workbook+xsd_validated,"ESMA mapping workbook path, re-validated against the XSD tree (residential/performing branch). High-confidence corroboration — NOT promoted to confirmed pending final-XSD sign-off.",True,False,True,pending_delivery_certification,False,manual_review
RREC9,property_type,RREC,collateral,Document/ScrtstnNonAsstBckdComrclPprUndrlygXpsrRpt/NewCrrctn/ScrtstnRpt/UndrlygXpsrRcrd/UndrlygXpsrData/ResdtlRealEsttLn/PrfrmgLn/Coll/CollCmonData/Dtls/PrprtyTp,PrprtyTp,PropertyType1Choice,one_per_collateral,90,value_or_nodata,Document/ScrtstnNonAsstBckdComrclPprUndrlygXpsrRpt/NewCrrctn/ScrtstnRpt/UndrlygXpsrRcrd/UndrlygXpsrData/ResdtlRealEsttLn/PrfrmgLn/Coll/CollCmonData/Dtls/PrprtyTp/NoDataOptn/NoData,confirmed,confirmed_by_xsd_sample,sample_xml,workbook_semantic 'PrprtyTp/Cd' agrees with XSD path and sample message,False,True,True,pending_delivery_certification,False,delivery_xml
RREC10,energy_performance_certificate_value,RREC,collateral,Document/ScrtstnNonAsstBckdComrclPprUndrlygXpsrRpt/NewCrrctn/ScrtstnRpt/UndrlygXpsrRcrd/UndrlygXpsrData/ResdtlRealEsttLn/PrfrmgLn/Coll/CollCmonData/Dtls/NrgyPrfrmncCertVal,NrgyPrfrmncCertVal,EnergyCertificate1Choice,one_per_collateral,91,value_or_nodata,Document/ScrtstnNonAsstBckdComrclPprUndrlygXpsrRpt/NewCrrctn/ScrtstnRpt/UndrlygXpsrRcrd/UndrlygXpsrData/ResdtlRealEsttLn/PrfrmgLn/Coll/CollCmonData/Dtls/NrgyPrfrmncCertVal/NoDataOptn/NoData,inferred_high_confidence,workbook_xsd_validated,workbook+xsd_validated,"ESMA mapping workbook path, re-validated against the XSD tree (residential/performing branch). High-confidence corroboration — NOT promoted to confirmed pending final-XSD sign-off.",True,False,True,pending_delivery_certification,False,manual_review
RREC11,energy_performance_certificate_provider_name,RREC,collateral,Document/ScrtstnNonAsstBckdComrclPprUndrlygXpsrRpt/NewCrrctn/ScrtstnRpt/UndrlygXpsrRcrd/UndrlygXpsrData/ResdtlRealEsttLn/PrfrmgLn/Coll/CollCmonData/Dtls/NrgyPrfrmncCertPrvdrNm,NrgyPrfrmncCertPrvdrNm,Max100Text1Choice,one_per_collateral,92,value_or_nodata,Document/ScrtstnNonAsstBckdComrclPprUndrlygXpsrRpt/NewCrrctn/ScrtstnRpt/UndrlygXpsrRcrd/UndrlygXpsrData/ResdtlRealEsttLn/PrfrmgLn/Coll/CollCmonData/Dtls/NrgyPrfrmncCertPrvdrNm/NoDataOptn/NoData,inferred_high_confidence,workbook_xsd_validated,workbook+xsd_validated,"ESMA mapping workbook path, re-validated against the XSD tree (residential/performing branch). High-confidence corroboration — NOT promoted to confirmed pending final-XSD sign-off.",True,False,True,pending_delivery_certification,False,manual_review
RREC12,current_loan_to_value,RREC,collateral,Document/ScrtstnNonAsstBckdComrclPprUndrlygXpsrRpt/NewCrrctn/ScrtstnRpt/UndrlygXpsrRcrd/UndrlygXpsrData/ResdtlRealEsttLn/PrfrmgLn/Coll/CollCmonData/Valtn/CurInf/LnToVal,LnToVal,PercentageRate3Choice,one_per_collateral,93,value_or_nodata,Document/ScrtstnNonAsstBckdComrclPprUndrlygXpsrRpt/NewCrrctn/ScrtstnRpt/UndrlygXpsrRcrd/UndrlygXpsrData/ResdtlRealEsttLn/PrfrmgLn/Coll/CollCmonData/Valtn/CurInf/LnToVal/NoDataOptn/NoData,inferred_high_confidence,workbook_xsd_validated,workbook+xsd_validated,"ESMA mapping workbook path, re-validated against the XSD tree (residential/performing branch). High-confidence corroboration — NOT promoted to confirmed pending final-XSD sign-off.",True,False,True,pending_delivery_certification,False,manual_review
RREC13,current_valuation_amount,RREC,collateral,Document/ScrtstnNonAsstBckdComrclPprUndrlygXpsrRpt/NewCrrctn/ScrtstnRpt/UndrlygXpsrRcrd/UndrlygXpsrData/ResdtlRealEsttLn/PrfrmgLn/Coll/CollCmonData/Valtn/CurInf/ValtnAmt,ValtnAmt,,one_per_collateral,,value_or_nodata,Document/ScrtstnNonAsstBckdComrclPprUndrlygXpsrRpt/NewCrrctn/ScrtstnRpt/UndrlygXpsrRcrd/UndrlygXpsrData/ResdtlRealEsttLn/PrfrmgLn/Coll/CollCmonData/Valtn/CurInf/ValtnAmt/NoDataOptn/NoData,inferred_high_confidence,workbook_xsd_validated,workbook+xsd_validated,"ESMA mapping workbook path, re-validated against the XSD tree (residential/performing branch). High-confidence corroboration — NOT promoted to confirmed pending final-XSD sign-off.",True,False,True,pending_delivery_certification,False,manual_review
RREC14,current_valuation_method,RREC,collateral,Document/ScrtstnNonAsstBckdComrclPprUndrlygXpsrRpt/NewCrrctn/ScrtstnRpt/UndrlygXpsrRcrd/UndrlygXpsrData/ResdtlRealEsttLn/PrfrmgLn/Coll/CollCmonData/Valtn/CurInf/ValtnMtd,ValtnMtd,,one_per_collateral,,value_or_nodata,Document/ScrtstnNonAsstBckdComrclPprUndrlygXpsrRpt/NewCrrctn/ScrtstnRpt/UndrlygXpsrRcrd/UndrlygXpsrData/ResdtlRealEsttLn/PrfrmgLn/Coll/CollCmonData/Valtn/CurInf/ValtnMtd/NoDataOptn/NoData,inferred_high_confidence,workbook_xsd_validated,workbook+xsd_validated,"ESMA mapping workbook path, re-validated against the XSD tree (residential/performing branch). High-confidence corroboration — NOT promoted to confirmed pending final-XSD sign-off.",True,False,True,pending_delivery_certification,False,manual_review
RREC15,current_valuation_date,RREC,collateral,Document/ScrtstnNonAsstBckdComrclPprUndrlygXpsrRpt/NewCrrctn/ScrtstnRpt/UndrlygXpsrRcrd/UndrlygXpsrData/ResdtlRealEsttLn/PrfrmgLn/Coll/CollCmonData/Valtn/CurInf/ValtnDt,ValtnDt,,one_per_collateral,,value_or_nodata,Document/ScrtstnNonAsstBckdComrclPprUndrlygXpsrRpt/NewCrrctn/ScrtstnRpt/UndrlygXpsrRcrd/UndrlygXpsrData/ResdtlRealEsttLn/PrfrmgLn/Coll/CollCmonData/Valtn/CurInf/ValtnDt/NoDataOptn/NoData,inferred_high_confidence,workbook_xsd_validated,workbook+xsd_validated,"ESMA mapping workbook path, re-validated against the XSD tree (residential/performing branch). High-confidence corroboration — NOT promoted to confirmed pending final-XSD sign-off.",True,False,True,pending_delivery_certification,False,manual_review
RREC16,original_loan_to_value,RREC,collateral,Document/ScrtstnNonAsstBckdComrclPprUndrlygXpsrRpt/NewCrrctn/ScrtstnRpt/UndrlygXpsrRcrd/UndrlygXpsrData/ResdtlRealEsttLn/PrfrmgLn/Coll/CollCmonData/Valtn/InfAtOrgtn/LnToVal,LnToVal,PercentageRate3Choice,one_per_collateral,93,value_or_nodata,Document/ScrtstnNonAsstBckdComrclPprUndrlygXpsrRpt/NewCrrctn/ScrtstnRpt/UndrlygXpsrRcrd/UndrlygXpsrData/ResdtlRealEsttLn/PrfrmgLn/Coll/CollCmonData/Valtn/InfAtOrgtn/LnToVal/NoDataOptn/NoData,inferred_high_confidence,workbook_xsd_validated,workbook+xsd_validated,"ESMA mapping workbook path, re-validated against the XSD tree (residential/performing branch). High-confidence corroboration — NOT promoted to confirmed pending final-XSD sign-off.",True,False,True,pending_delivery_certification,False,manual_review
RREC17,original_valuation_amount,RREC,collateral,Document/ScrtstnNonAsstBckdComrclPprUndrlygXpsrRpt/NewCrrctn/ScrtstnRpt/UndrlygXpsrRcrd/UndrlygXpsrData/ResdtlRealEsttLn/PrfrmgLn/Coll/CollCmonData/Valtn/InfAtOrgtn/ValtnAmt,ValtnAmt,,one_per_collateral,,value_or_nodata,Document/ScrtstnNonAsstBckdComrclPprUndrlygXpsrRpt/NewCrrctn/ScrtstnRpt/UndrlygXpsrRcrd/UndrlygXpsrData/ResdtlRealEsttLn/PrfrmgLn/Coll/CollCmonData/Valtn/InfAtOrgtn/ValtnAmt/NoDataOptn/NoData,inferred_high_confidence,workbook_xsd_validated,workbook+xsd_validated,"ESMA mapping workbook path, re-validated against the XSD tree (residential/performing branch). High-confidence corroboration — NOT promoted to confirmed pending final-XSD sign-off.",True,False,True,pending_delivery_certification,False,manual_review
RREC18,original_valuation_method,RREC,collateral,Document/ScrtstnNonAsstBckdComrclPprUndrlygXpsrRpt/NewCrrctn/ScrtstnRpt/UndrlygXpsrRcrd/UndrlygXpsrData/ResdtlRealEsttLn/PrfrmgLn/Coll/CollCmonData/Valtn/InfAtOrgtn/ValtnMtd,ValtnMtd,,one_per_collateral,,value_or_nodata,Document/ScrtstnNonAsstBckdComrclPprUndrlygXpsrRpt/NewCrrctn/ScrtstnRpt/UndrlygXpsrRcrd/UndrlygXpsrData/ResdtlRealEsttLn/PrfrmgLn/Coll/CollCmonData/Valtn/InfAtOrgtn/ValtnMtd/NoDataOptn/NoData,inferred_high_confidence,workbook_xsd_validated,workbook+xsd_validated,"ESMA mapping workbook path, re-validated against the XSD tree (residential/performing branch). High-confidence corroboration — NOT promoted to confirmed pending final-XSD sign-off.",True,False,True,pending_delivery_certification,False,manual_review
RREC19,original_valuation_date,RREC,collateral,Document/ScrtstnNonAsstBckdComrclPprUndrlygXpsrRpt/NewCrrctn/ScrtstnRpt/UndrlygXpsrRcrd/UndrlygXpsrData/ResdtlRealEsttLn/PrfrmgLn/Coll/CollCmonData/Valtn/InfAtOrgtn/ValtnDt,ValtnDt,,one_per_collateral,,value_or_nodata,Document/ScrtstnNonAsstBckdComrclPprUndrlygXpsrRpt/NewCrrctn/ScrtstnRpt/UndrlygXpsrRcrd/UndrlygXpsrData/ResdtlRealEsttLn/PrfrmgLn/Coll/CollCmonData/Valtn/InfAtOrgtn/ValtnDt/NoDataOptn/NoData,inferred_high_confidence,workbook_xsd_validated,workbook+xsd_validated,"ESMA mapping workbook path, re-validated against the XSD tree (residential/performing branch). High-confidence corroboration — NOT promoted to confirmed pending final-XSD sign-off.",True,False,True,pending_delivery_certification,False,manual_review
RREC20,date_of_sale,RREC,collateral,Document/ScrtstnNonAsstBckdComrclPprUndrlygXpsrRpt/NewCrrctn/ScrtstnRpt/UndrlygXpsrRcrd/UndrlygXpsrData/ResdtlRealEsttLn/PrfrmgLn/Coll/CollCmonData/Nfrcmnt/SaleDt,SaleDt,,one_per_collateral,,value_or_nodata,Document/ScrtstnNonAsstBckdComrclPprUndrlygXpsrRpt/NewCrrctn/ScrtstnRpt/UndrlygXpsrRcrd/UndrlygXpsrData/ResdtlRealEsttLn/PrfrmgLn/Coll/CollCmonData/Nfrcmnt/SaleDt/NoDataOptn/NoData,inferred_high_confidence,workbook_xsd_validated,workbook+xsd_validated,"ESMA mapping workbook path, re-validated against the XSD tree (residential/performing branch). High-confidence corroboration — NOT promoted to confirmed pending final-XSD sign-off.",True,False,True,pending_delivery_certification,False,manual_review
RREC21,sale_price,RREC,collateral,Document/ScrtstnNonAsstBckdComrclPprUndrlygXpsrRpt/NewCrrctn/ScrtstnRpt/UndrlygXpsrRcrd/UndrlygXpsrData/ResdtlRealEsttLn/PrfrmgLn/Coll/CollCmonData/Nfrcmnt/SalePric,SalePric,,one_per_collateral,,value_or_nodata,Document/ScrtstnNonAsstBckdComrclPprUndrlygXpsrRpt/NewCrrctn/ScrtstnRpt/UndrlygXpsrRcrd/UndrlygXpsrData/ResdtlRealEsttLn/PrfrmgLn/Coll/CollCmonData/Nfrcmnt/SalePric/NoDataOptn/NoData,inferred_high_confidence,workbook_xsd_validated,workbook+xsd_validated,"ESMA mapping workbook path, re-validated against the XSD tree (residential/performing branch). High-confidence corroboration — NOT promoted to confirmed pending final-XSD sign-off.",True,False,True,pending_delivery_certification,False,manual_review
RREC22,collateral_currency,RREC,collateral,,,,one_per_collateral,,value_or_nodata,,unresolved,unresolved,manual_review,no workbook_semantic in delivery_rules (TBC/mismapped); needs manual XSD review; universe allows ND -> expect NoDataOptn wrapper,True,False,False,pending_delivery_certification,False,config_policy
RREC23,guarantor_type,RREC,collateral,Document/ScrtstnNonAsstBckdComrclPprUndrlygXpsrRpt/NewCrrctn/ScrtstnRpt/UndrlygXpsrRcrd/UndrlygXpsrData/ResdtlRealEsttLn/PrfrmgLn/Coll/CollCmonData/Dtls/GuarntrTp,GuarntrTp,,one_per_collateral,,value_or_nodata,Document/ScrtstnNonAsstBckdComrclPprUndrlygXpsrRpt/NewCrrctn/ScrtstnRpt/UndrlygXpsrRcrd/UndrlygXpsrData/ResdtlRealEsttLn/PrfrmgLn/Coll/CollCmonData/Dtls/GuarntrTp/NoDataOptn/NoData,inferred_high_confidence,workbook_xsd_validated,workbook+xsd_validated,"ESMA mapping workbook path, re-validated against the XSD tree (residential/performing branch). High-confidence corroboration — NOT promoted to confirmed pending final-XSD sign-off.",True,False,True,pending_delivery_certification,False,manual_review
RREL1,unique_identifier,RREL,header,Document/ScrtstnNonAsstBckdComrclPprUndrlygXpsrRpt/NewCrrctn/ScrtstnRpt/ScrtstnIdr,ScrtstnIdr,SecuritisationIdentifier,one_per_report,1,value,,confirmed,confirmed_by_xsd_sample,sample_xml,"REPORT-LEVEL securitisation identifier (ScrtstnIdr): XSD definition + 28-char pattern match RREL1 content; present in sample. NOTE: report-level, not an exposure identifier.",False,True,True,pending_delivery_certification,False,delivery_xml
RREL2,original_underlying_exposure_identifier,RREL,exposure,Document/ScrtstnNonAsstBckdComrclPprUndrlygXpsrRpt/NewCrrctn/ScrtstnRpt/UndrlygXpsrRcrd/UndrlygXpsrId/OrgnlUndrlygXpsrIdr,OrgnlUndrlygXpsrIdr,Max1000Text,one_per_loan,4,value,,confirmed,confirmed_by_xsd_sample,sample_xml,workbook_semantic 'OrgnlUndrlygXpsrIdr' agrees with XSD path and sample message,False,True,True,pending_delivery_certification,False,delivery_xml
RREL3,new_underlying_exposure_identifier,RREL,exposure,Document/ScrtstnNonAsstBckdComrclPprUndrlygXpsrRpt/NewCrrctn/ScrtstnRpt/UndrlygXpsrRcrd/UndrlygXpsrId/NewUndrlygXpsrIdr,NewUndrlygXpsrIdr,Max1000Text,one_per_loan,3,value,,inferred_high_confidence,workbook_xsd_validated,workbook+xsd_validated,"ESMA mapping workbook path, re-validated against the XSD tree (residential/performing branch). High-confidence corroboration — NOT promoted to confirmed pending final-XSD sign-off.",True,False,True,pending_delivery_certification,False,manual_review
RREL4,original_obligor_identifier,RREL,exposure,Document/ScrtstnNonAsstBckdComrclPprUndrlygXpsrRpt/NewCrrctn/ScrtstnRpt/UndrlygXpsrRcrd/UndrlygXpsrId/OrgnlOblgrIdr,OrgnlOblgrIdr,Max1000Text,one_per_loan,6,value,,inferred_high_confidence,workbook_xsd_validated,workbook+xsd_validated,"ESMA mapping workbook path, re-validated against the XSD tree (residential/performing branch). High-confidence corroboration — NOT promoted to confirmed pending final-XSD sign-off.",True,False,True,pending_delivery_certification,False,manual_review
RREL5,new_obligor_identifier,RREL,exposure,Document/ScrtstnNonAsstBckdComrclPprUndrlygXpsrRpt/NewCrrctn/ScrtstnRpt/UndrlygXpsrRcrd/UndrlygXpsrId/NewOblgrIdr,NewOblgrIdr,Max1000Text,one_per_loan,5,value,,inferred_high_confidence,workbook_xsd_validated,workbook+xsd_validated,"ESMA mapping workbook path, re-validated against the XSD tree (residential/performing branch). High-confidence corroboration — NOT promoted to confirmed pending final-XSD sign-off.",True,False,True,pending_delivery_certification,False,manual_review
RREL6,data_cut_off_date,RREL,header,Document/ScrtstnNonAsstBckdComrclPprUndrlygXpsrRpt/NewCrrctn/ScrtstnRpt/CutOffDt,CutOffDt,ISODate,one_per_report,2,value,,confirmed,confirmed_by_xsd_sample,sample_xml,workbook_semantic 'CutOffDt' agrees with XSD path and sample message,False,True,True,pending_delivery_certification,False,delivery_xml
RREL7,pool_addition_date,RREL,exposure,Document/ScrtstnNonAsstBckdComrclPprUndrlygXpsrRpt/NewCrrctn/ScrtstnRpt/UndrlygXpsrRcrd/UndrlygXpsrData/ResdtlRealEsttLn/PrfrmgLn/UndrlygXpsrCmonData/ActvtyDtDtls/PoolAddtnDt,PoolAddtnDt,,one_per_loan,,value_or_nodata,Document/ScrtstnNonAsstBckdComrclPprUndrlygXpsrRpt/NewCrrctn/ScrtstnRpt/UndrlygXpsrRcrd/UndrlygXpsrData/ResdtlRealEsttLn/PrfrmgLn/UndrlygXpsrCmonData/ActvtyDtDtls/PoolAddtnDt/NoDataOptn/NoData,inferred_high_confidence,workbook_xsd_validated,workbook+xsd_validated,"ESMA mapping workbook path, re-validated against the XSD tree (residential/performing branch). High-confidence corroboration — NOT promoted to confirmed pending final-XSD sign-off.",True,False,True,pending_delivery_certification,False,manual_review
RREL8,date_of_repurchase,RREL,exposure,Document/ScrtstnNonAsstBckdComrclPprUndrlygXpsrRpt/NewCrrctn/ScrtstnRpt/UndrlygXpsrRcrd/UndrlygXpsrData/ResdtlRealEsttLn/PrfrmgLn/UndrlygXpsrCmonData/ActvtyDtDtls/RpDt,RpDt,,one_per_loan,,value_or_nodata,Document/ScrtstnNonAsstBckdComrclPprUndrlygXpsrRpt/NewCrrctn/ScrtstnRpt/UndrlygXpsrRcrd/UndrlygXpsrData/ResdtlRealEsttLn/PrfrmgLn/UndrlygXpsrCmonData/ActvtyDtDtls/RpDt/NoDataOptn/NoData,inferred_high_confidence,workbook_xsd_validated,workbook+xsd_validated,"ESMA mapping workbook path, re-validated against the XSD tree (residential/performing branch). High-confidence corroboration — NOT promoted to confirmed pending final-XSD sign-off.",True,False,True,pending_delivery_certification,False,manual_review
RREL9,redemption_date,RREL,exposure,Document/ScrtstnNonAsstBckdComrclPprUndrlygXpsrRpt/NewCrrctn/ScrtstnRpt/UndrlygXpsrRcrd/UndrlygXpsrData/ResdtlRealEsttLn/PrfrmgLn/UndrlygXpsrCmonData/PrfrmncDtls/GnlAttrbts/RedDt,RedDt,,one_per_loan,,value_or_nodata,Document/ScrtstnNonAsstBckdComrclPprUndrlygXpsrRpt/NewCrrctn/ScrtstnRpt/UndrlygXpsrRcrd/UndrlygXpsrData/ResdtlRealEsttLn/PrfrmgLn/UndrlygXpsrCmonData/PrfrmncDtls/GnlAttrbts/RedDt/NoDataOptn/NoData,inferred_high_confidence,workbook_xsd_validated,workbook+xsd_validated,"ESMA mapping workbook path, re-validated against the XSD tree (residential/performing branch). High-confidence corroboration — NOT promoted to confirmed pending final-XSD sign-off.",True,False,True,pending_delivery_certification,False,manual_review
RREL10,resident,RREL,exposure,Document/ScrtstnNonAsstBckdComrclPprUndrlygXpsrRpt/NewCrrctn/ScrtstnRpt/UndrlygXpsrRcrd/UndrlygXpsrData/ResdtlRealEsttLn/PrfrmgLn/UndrlygXpsrCmonData/OblgrDtls/Resdt,Resdt,,one_per_loan,,value_or_nodata,Document/ScrtstnNonAsstBckdComrclPprUndrlygXpsrRpt/NewCrrctn/ScrtstnRpt/UndrlygXpsrRcrd/UndrlygXpsrData/ResdtlRealEsttLn/PrfrmgLn/UndrlygXpsrCmonData/OblgrDtls/Resdt/NoDataOptn/NoData,inferred_high_confidence,workbook_xsd_validated,workbook+xsd_validated,"ESMA mapping workbook path, re-validated against the XSD tree (residential/performing branch). High-confidence corroboration — NOT promoted to confirmed pending final-XSD sign-off.",True,False,True,pending_delivery_certification,False,manual_review
RREL11,geographic_region_obligor,RREL,exposure,Document/ScrtstnNonAsstBckdComrclPprUndrlygXpsrRpt/NewCrrctn/ScrtstnRpt/UndrlygXpsrRcrd/UndrlygXpsrData/ResdtlRealEsttLn/PrfrmgLn/UndrlygXpsrCmonData/OblgrDtls/TrtrlUnit/Clssfctn,Clssfctn,,one_per_loan,,value_or_nodata,Document/ScrtstnNonAsstBckdComrclPprUndrlygXpsrRpt/NewCrrctn/ScrtstnRpt/UndrlygXpsrRcrd/UndrlygXpsrData/ResdtlRealEsttLn/PrfrmgLn/UndrlygXpsrCmonData/OblgrDtls/TrtrlUnit/Clssfctn/NoDataOptn/NoData,inferred_high_confidence,workbook_xsd_validated,workbook+xsd_validated,"ESMA mapping workbook path, re-validated against the XSD tree (residential/performing branch). High-confidence corroboration — NOT promoted to confirmed pending final-XSD sign-off.",True,False,True,pending_delivery_certification,False,manual_review
RREL12,geographic_region_classification,RREL,exposure,Document/ScrtstnNonAsstBckdComrclPprUndrlygXpsrRpt/NewCrrctn/ScrtstnRpt/UndrlygXpsrRcrd/UndrlygXpsrData/ResdtlRealEsttLn/PrfrmgLn/UndrlygXpsrCmonData/OblgrDtls/TrtrlUnit/ClssfctnYr,ClssfctnYr,,one_per_loan,,value_or_nodata,Document/ScrtstnNonAsstBckdComrclPprUndrlygXpsrRpt/NewCrrctn/ScrtstnRpt/UndrlygXpsrRcrd/UndrlygXpsrData/ResdtlRealEsttLn/PrfrmgLn/UndrlygXpsrCmonData/OblgrDtls/TrtrlUnit/ClssfctnYr/NoDataOptn/NoData,inferred_high_confidence,workbook_xsd_validated,workbook+xsd_validated,"ESMA mapping workbook path, re-validated against the XSD tree (residential/performing branch). High-confidence corroboration — NOT promoted to confirmed pending final-XSD sign-off.",True,False,True,pending_delivery_certification,False,manual_review
RREL13,employment_status,RREL,exposure,Document/ScrtstnNonAsstBckdComrclPprUndrlygXpsrRpt/NewCrrctn/ScrtstnRpt/UndrlygXpsrRcrd/UndrlygXpsrData/ResdtlRealEsttLn/PrfrmgLn/UndrlygXpsrCmonData/OblgrDtls/AddtlCmonData/MplyntSts,MplyntSts,,one_per_loan,,value_or_nodata,Document/ScrtstnNonAsstBckdComrclPprUndrlygXpsrRpt/NewCrrctn/ScrtstnRpt/UndrlygXpsrRcrd/UndrlygXpsrData/ResdtlRealEsttLn/PrfrmgLn/UndrlygXpsrCmonData/OblgrDtls/AddtlCmonData/MplyntSts/NoDataOptn/NoData,inferred_high_confidence,workbook_xsd_validated,workbook+xsd_validated,"ESMA mapping workbook path, re-validated against the XSD tree (residential/performing branch). High-confidence corroboration — NOT promoted to confirmed pending final-XSD sign-off.",True,False,True,pending_delivery_certification,False,manual_review
RREL14,credit_impaired_obligor,RREL,exposure,Document/ScrtstnNonAsstBckdComrclPprUndrlygXpsrRpt/NewCrrctn/ScrtstnRpt/UndrlygXpsrRcrd/UndrlygXpsrData/ResdtlRealEsttLn/PrfrmgLn/UndrlygXpsrCmonData/OblgrDtls/AddtlCmonData/CdtImprdOblgr,CdtImprdOblgr,,one_per_loan,,value_or_nodata,Document/ScrtstnNonAsstBckdComrclPprUndrlygXpsrRpt/NewCrrctn/ScrtstnRpt/UndrlygXpsrRcrd/UndrlygXpsrData/ResdtlRealEsttLn/PrfrmgLn/UndrlygXpsrCmonData/OblgrDtls/AddtlCmonData/CdtImprdOblgr/NoDataOptn/NoData,inferred_high_confidence,workbook_xsd_validated,workbook+xsd_validated,"ESMA mapping workbook path, re-validated against the XSD tree (residential/performing branch). High-confidence corroboration — NOT promoted to confirmed pending final-XSD sign-off.",True,False,True,pending_delivery_certification,False,manual_review
RREL15,customer_type,RREL,exposure,Document/ScrtstnNonAsstBckdComrclPprUndrlygXpsrRpt/NewCrrctn/ScrtstnRpt/UndrlygXpsrRcrd/UndrlygXpsrData/ResdtlRealEsttLn/PrfrmgLn/UndrlygXpsrCmonData/OblgrDtls/CstmrTp,CstmrTp,,one_per_loan,,value_or_nodata,Document/ScrtstnNonAsstBckdComrclPprUndrlygXpsrRpt/NewCrrctn/ScrtstnRpt/UndrlygXpsrRcrd/UndrlygXpsrData/ResdtlRealEsttLn/PrfrmgLn/UndrlygXpsrCmonData/OblgrDtls/CstmrTp/NoDataOptn/NoData,inferred_high_confidence,workbook_xsd_validated,workbook+xsd_validated,"ESMA mapping workbook path, re-validated against the XSD tree (residential/performing branch). High-confidence corroboration — NOT promoted to confirmed pending final-XSD sign-off.",True,False,True,pending_delivery_certification,False,manual_review
RREL16,primary_income,RREL,exposure,Document/ScrtstnNonAsstBckdComrclPprUndrlygXpsrRpt/NewCrrctn/ScrtstnRpt/UndrlygXpsrRcrd/UndrlygXpsrData/ResdtlRealEsttLn/PrfrmgLn/UndrlygXpsrCmonData/OblgrDtls/FinDtls/PmryOblgrIncm/IncmVal,IncmVal,,one_per_loan,,value_or_nodata,Document/ScrtstnNonAsstBckdComrclPprUndrlygXpsrRpt/NewCrrctn/ScrtstnRpt/UndrlygXpsrRcrd/UndrlygXpsrData/ResdtlRealEsttLn/PrfrmgLn/UndrlygXpsrCmonData/OblgrDtls/FinDtls/PmryOblgrIncm/IncmVal/NoDataOptn/NoData,inferred_high_confidence,workbook_xsd_validated,workbook+xsd_validated,"ESMA mapping workbook path, re-validated against the XSD tree (residential/performing branch). High-confidence corroboration — NOT promoted to confirmed pending final-XSD sign-off.",True,False,True,pending_delivery_certification,False,manual_review
RREL17,primary_income_type,RREL,exposure,Document/ScrtstnNonAsstBckdComrclPprUndrlygXpsrRpt/NewCrrctn/ScrtstnRpt/UndrlygXpsrRcrd/UndrlygXpsrData/ResdtlRealEsttLn/PrfrmgLn/UndrlygXpsrCmonData/OblgrDtls/FinDtls/PmryOblgrIncm/Tp,Tp,,one_per_loan,,value_or_nodata,Document/ScrtstnNonAsstBckdComrclPprUndrlygXpsrRpt/NewCrrctn/ScrtstnRpt/UndrlygXpsrRcrd/UndrlygXpsrData/ResdtlRealEsttLn/PrfrmgLn/UndrlygXpsrCmonData/OblgrDtls/FinDtls/PmryOblgrIncm/Tp/NoDataOptn/NoData,inferred_high_confidence,workbook_xsd_validated,workbook+xsd_validated,"ESMA mapping workbook path, re-validated against the XSD tree (residential/performing branch). High-confidence corroboration — NOT promoted to confirmed pending final-XSD sign-off.",True,False,True,pending_delivery_certification,False,manual_review
RREL18,primary_income_currency,RREL,exposure,,,,one_per_loan,,value_or_nodata,,unresolved,unresolved,manual_review,no workbook_semantic in delivery_rules (TBC/mismapped); needs manual XSD review; universe allows ND -> expect NoDataOptn wrapper,True,False,False,pending_delivery_certification,False,config_policy
RREL19,primary_income_verification,RREL,exposure,Document/ScrtstnNonAsstBckdComrclPprUndrlygXpsrRpt/NewCrrctn/ScrtstnRpt/UndrlygXpsrRcrd/UndrlygXpsrData/ResdtlRealEsttLn/PrfrmgLn/UndrlygXpsrCmonData/OblgrDtls/FinDtls/PmryOblgrIncm/Vrfctn,Vrfctn,,one_per_loan,,value_or_nodata,Document/ScrtstnNonAsstBckdComrclPprUndrlygXpsrRpt/NewCrrctn/ScrtstnRpt/UndrlygXpsrRcrd/UndrlygXpsrData/ResdtlRealEsttLn/PrfrmgLn/UndrlygXpsrCmonData/OblgrDtls/FinDtls/PmryOblgrIncm/Vrfctn/NoDataOptn/NoData,inferred_high_confidence,workbook_xsd_validated,workbook+xsd_validated,"ESMA mapping workbook path, re-validated against the XSD tree (residential/performing branch). High-confidence corroboration — NOT promoted to confirmed pending final-XSD sign-off.",True,False,True,pending_delivery_certification,False,manual_review
RREL20,secondary_income,RREL,exposure,Document/ScrtstnNonAsstBckdComrclPprUndrlygXpsrRpt/NewCrrctn/ScrtstnRpt/UndrlygXpsrRcrd/UndrlygXpsrData/ResdtlRealEsttLn/PrfrmgLn/UndrlygXpsrCmonData/OblgrDtls/FinDtls/ScndryOblgrIncm/IncmVal,IncmVal,,one_per_loan,,value_or_nodata,Document/ScrtstnNonAsstBckdComrclPprUndrlygXpsrRpt/NewCrrctn/ScrtstnRpt/UndrlygXpsrRcrd/UndrlygXpsrData/ResdtlRealEsttLn/PrfrmgLn/UndrlygXpsrCmonData/OblgrDtls/FinDtls/ScndryOblgrIncm/IncmVal/NoDataOptn/NoData,inferred_high_confidence,workbook_xsd_validated,workbook+xsd_validated,"ESMA mapping workbook path, re-validated against the XSD tree (residential/performing branch). High-confidence corroboration — NOT promoted to confirmed pending final-XSD sign-off.",True,False,True,pending_delivery_certification,False,manual_review
RREL21,secondary_income_verification,RREL,exposure,Document/ScrtstnNonAsstBckdComrclPprUndrlygXpsrRpt/NewCrrctn/ScrtstnRpt/UndrlygXpsrRcrd/UndrlygXpsrData/ResdtlRealEsttLn/PrfrmgLn/UndrlygXpsrCmonData/OblgrDtls/FinDtls/ScndryOblgrIncm/Vrfctn,Vrfctn,,one_per_loan,,value_or_nodata,Document/ScrtstnNonAsstBckdComrclPprUndrlygXpsrRpt/NewCrrctn/ScrtstnRpt/UndrlygXpsrRcrd/UndrlygXpsrData/ResdtlRealEsttLn/PrfrmgLn/UndrlygXpsrCmonData/OblgrDtls/FinDtls/ScndryOblgrIncm/Vrfctn/NoDataOptn/NoData,inferred_high_confidence,workbook_xsd_validated,workbook+xsd_validated,"ESMA mapping workbook path, re-validated against the XSD tree (residential/performing branch). High-confidence corroboration — NOT promoted to confirmed pending final-XSD sign-off.",True,False,True,pending_delivery_certification,False,manual_review
RREL22,special_scheme,RREL,exposure,Document/ScrtstnNonAsstBckdComrclPprUndrlygXpsrRpt/NewCrrctn/ScrtstnRpt/UndrlygXpsrRcrd/UndrlygXpsrData/ResdtlRealEsttLn/PrfrmgLn/UndrlygXpsrCmonData/UndrlygXpsrDtls/SpclSchme,SpclSchme,Max10000Text1Choice,one_per_loan,20,value_or_nodata,Document/ScrtstnNonAsstBckdComrclPprUndrlygXpsrRpt/NewCrrctn/ScrtstnRpt/UndrlygXpsrRcrd/UndrlygXpsrData/ResdtlRealEsttLn/PrfrmgLn/UndrlygXpsrCmonData/UndrlygXpsrDtls/SpclSchme/NoDataOptn/NoData,confirmed,confirmed_by_xsd_sample,sample_xml,workbook_semantic 'SpclSchme/Val' agrees with XSD path and sample message,False,True,True,pending_delivery_certification,False,delivery_xml
RREL23,origination_date,RREL,exposure,Document/ScrtstnNonAsstBckdComrclPprUndrlygXpsrRpt/NewCrrctn/ScrtstnRpt/UndrlygXpsrRcrd/UndrlygXpsrData/ResdtlRealEsttLn/PrfrmgLn/UndrlygXpsrCmonData/UndrlygXpsrDtls/IssncAndMtrtyDtls/OrgtnDt,OrgtnDt,,one_per_loan,,value_or_nodata,Document/ScrtstnNonAsstBckdComrclPprUndrlygXpsrRpt/NewCrrctn/ScrtstnRpt/UndrlygXpsrRcrd/UndrlygXpsrData/ResdtlRealEsttLn/PrfrmgLn/UndrlygXpsrCmonData/UndrlygXpsrDtls/IssncAndMtrtyDtls/OrgtnDt/NoDataOptn/NoData,inferred_high_confidence,workbook_xsd_validated,workbook+xsd_validated,"ESMA mapping workbook path, re-validated against the XSD tree (residential/performing branch). High-confidence corroboration — NOT promoted to confirmed pending final-XSD sign-off.",True,False,True,pending_delivery_certification,False,manual_review
RREL24,maturity_date,RREL,exposure,Document/ScrtstnNonAsstBckdComrclPprUndrlygXpsrRpt/NewCrrctn/ScrtstnRpt/UndrlygXpsrRcrd/UndrlygXpsrData/ResdtlRealEsttLn/PrfrmgLn/UndrlygXpsrCmonData/UndrlygXpsrDtls/IssncAndMtrtyDtls/MtrtyDt,MtrtyDt,,one_per_loan,,value_or_nodata,Document/ScrtstnNonAsstBckdComrclPprUndrlygXpsrRpt/NewCrrctn/ScrtstnRpt/UndrlygXpsrRcrd/UndrlygXpsrData/ResdtlRealEsttLn/PrfrmgLn/UndrlygXpsrCmonData/UndrlygXpsrDtls/IssncAndMtrtyDtls/MtrtyDt/NoDataOptn/NoData,inferred_high_confidence,workbook_xsd_validated,workbook+xsd_validated,"ESMA mapping workbook path, re-validated against the XSD tree (residential/performing branch). High-confidence corroboration — NOT promoted to confirmed pending final-XSD sign-off.",True,False,True,pending_delivery_certification,False,manual_review
RREL25,original_term,RREL,exposure,Document/ScrtstnNonAsstBckdComrclPprUndrlygXpsrRpt/NewCrrctn/ScrtstnRpt/UndrlygXpsrRcrd/UndrlygXpsrData/ResdtlRealEsttLn/PrfrmgLn/UndrlygXpsrCmonData/UndrlygXpsrDtls/IssncAndMtrtyDtls/OrgnlTerm,OrgnlTerm,Max4PositiveNumber1Choice,one_per_loan,25,value_or_nodata,Document/ScrtstnNonAsstBckdComrclPprUndrlygXpsrRpt/NewCrrctn/ScrtstnRpt/UndrlygXpsrRcrd/UndrlygXpsrData/ResdtlRealEsttLn/PrfrmgLn/UndrlygXpsrCmonData/UndrlygXpsrDtls/IssncAndMtrtyDtls/OrgnlTerm/NoDataOptn/NoData,confirmed,confirmed_by_xsd_sample,sample_xml,workbook_semantic 'OrgnlTerm/Nb' agrees with XSD path and sample message,False,True,True,pending_delivery_certification,False,delivery_xml
RREL26,origination_channel,RREL,exposure,Document/ScrtstnNonAsstBckdComrclPprUndrlygXpsrRpt/NewCrrctn/ScrtstnRpt/UndrlygXpsrRcrd/UndrlygXpsrData/ResdtlRealEsttLn/PrfrmgLn/UndrlygXpsrCmonData/UndrlygXpsrDtls/OrgtnChanl,OrgtnChanl,,one_per_loan,,value_or_nodata,Document/ScrtstnNonAsstBckdComrclPprUndrlygXpsrRpt/NewCrrctn/ScrtstnRpt/UndrlygXpsrRcrd/UndrlygXpsrData/ResdtlRealEsttLn/PrfrmgLn/UndrlygXpsrCmonData/UndrlygXpsrDtls/OrgtnChanl/NoDataOptn/NoData,inferred_high_confidence,workbook_xsd_validated,workbook+xsd_validated,"ESMA mapping workbook path, re-validated against the XSD tree (residential/performing branch). High-confidence corroboration — NOT promoted to confirmed pending final-XSD sign-off.",True,False,True,pending_delivery_certification,False,manual_review
RREL27,purpose,RREL,exposure,Document/ScrtstnNonAsstBckdComrclPprUndrlygXpsrRpt/NewCrrctn/ScrtstnRpt/UndrlygXpsrRcrd/UndrlygXpsrData/ResdtlRealEsttLn/PrfrmgLn/UndrlygXpsrCmonData/UndrlygXpsrDtls/Purp,Purp,,one_per_loan,,value_or_nodata,Document/ScrtstnNonAsstBckdComrclPprUndrlygXpsrRpt/NewCrrctn/ScrtstnRpt/UndrlygXpsrRcrd/UndrlygXpsrData/ResdtlRealEsttLn/PrfrmgLn/UndrlygXpsrCmonData/UndrlygXpsrDtls/Purp/NoDataOptn/NoData,inferred_high_confidence,workbook_xsd_validated,workbook+xsd_validated,"ESMA mapping workbook path, re-validated against the XSD tree (residential/performing branch). High-confidence corroboration — NOT promoted to confirmed pending final-XSD sign-off.",True,False,True,pending_delivery_certification,False,manual_review
RREL28,currency_denomination,RREL,exposure,,,,one_per_loan,,unknown,,unresolved,unresolved,manual_review,no workbook_semantic in delivery_rules (TBC/mismapped); needs manual XSD review,True,False,False,pending_delivery_certification,False,config_policy
RREL29,original_principal_balance,RREL,exposure,Document/ScrtstnNonAsstBckdComrclPprUndrlygXpsrRpt/NewCrrctn/ScrtstnRpt/UndrlygXpsrRcrd/UndrlygXpsrData/ResdtlRealEsttLn/PrfrmgLn/UndrlygXpsrCmonData/UndrlygXpsrDtls/BalDtls/OrgnlPrncplBal,OrgnlPrncplBal,,one_per_loan,,value_or_nodata,Document/ScrtstnNonAsstBckdComrclPprUndrlygXpsrRpt/NewCrrctn/ScrtstnRpt/UndrlygXpsrRcrd/UndrlygXpsrData/ResdtlRealEsttLn/PrfrmgLn/UndrlygXpsrCmonData/UndrlygXpsrDtls/BalDtls/OrgnlPrncplBal/NoDataOptn/NoData,inferred_high_confidence,workbook_xsd_validated,workbook+xsd_validated,"ESMA mapping workbook path, re-validated against the XSD tree (residential/performing branch). High-confidence corroboration — NOT promoted to confirmed pending final-XSD sign-off.",True,False,True,pending_delivery_certification,False,manual_review
RREL30,current_principal_balance,RREL,exposure,Document/ScrtstnNonAsstBckdComrclPprUndrlygXpsrRpt/NewCrrctn/ScrtstnRpt/UndrlygXpsrRcrd/UndrlygXpsrData/ResdtlRealEsttLn/PrfrmgLn/UndrlygXpsrCmonData/UndrlygXpsrDtls/BalDtls/CurPrncplBal,CurPrncplBal,,one_per_loan,,value_or_nodata,Document/ScrtstnNonAsstBckdComrclPprUndrlygXpsrRpt/NewCrrctn/ScrtstnRpt/UndrlygXpsrRcrd/UndrlygXpsrData/ResdtlRealEsttLn/PrfrmgLn/UndrlygXpsrCmonData/UndrlygXpsrDtls/BalDtls/CurPrncplBal/NoDataOptn/NoData,inferred_high_confidence,workbook_xsd_validated,workbook+xsd_validated,"ESMA mapping workbook path, re-validated against the XSD tree (residential/performing branch). High-confidence corroboration — NOT promoted to confirmed pending final-XSD sign-off.",True,False,True,pending_delivery_certification,False,manual_review
RREL31,prior_principal_balances,RREL,exposure,Document/ScrtstnNonAsstBckdComrclPprUndrlygXpsrRpt/NewCrrctn/ScrtstnRpt/UndrlygXpsrRcrd/UndrlygXpsrData/ResdtlRealEsttLn/PrfrmgLn/UndrlygXpsrCmonData/UndrlygXpsrDtls/BalDtls/PrrPrncplBal,PrrPrncplBal,Monetary3Choice,one_per_loan,29,value_or_nodata,Document/ScrtstnNonAsstBckdComrclPprUndrlygXpsrRpt/NewCrrctn/ScrtstnRpt/UndrlygXpsrRcrd/UndrlygXpsrData/ResdtlRealEsttLn/PrfrmgLn/UndrlygXpsrCmonData/UndrlygXpsrDtls/BalDtls/PrrPrncplBal/NoDataOptn/NoData,confirmed,confirmed_by_xsd_sample,sample_xml,workbook_semantic 'PrrPrncplBal/Val/Amt' agrees with XSD path and sample message,False,True,True,pending_delivery_certification,False,delivery_xml
RREL32,pari_passu_underlying_exposures,RREL,exposure,Document/ScrtstnNonAsstBckdComrclPprUndrlygXpsrRpt/NewCrrctn/ScrtstnRpt/UndrlygXpsrRcrd/UndrlygXpsrData/ResdtlRealEsttLn/PrfrmgLn/UndrlygXpsrCmonData/UndrlygXpsrDtls/BalDtls/PrpssUndrlygXpsr,PrpssUndrlygXpsr,Monetary3Choice,one_per_loan,30,value_or_nodata,Document/ScrtstnNonAsstBckdComrclPprUndrlygXpsrRpt/NewCrrctn/ScrtstnRpt/UndrlygXpsrRcrd/UndrlygXpsrData/ResdtlRealEsttLn/PrfrmgLn/UndrlygXpsrCmonData/UndrlygXpsrDtls/BalDtls/PrpssUndrlygXpsr/NoDataOptn/NoData,confirmed,confirmed_by_xsd_sample,sample_xml,workbook_semantic 'PrpssUndrlygXpsr/Val/Amt' agrees with XSD path and sample message,False,True,True,pending_delivery_certification,False,delivery_xml
RREL33,total_credit_limit,RREL,exposure,Document/ScrtstnNonAsstBckdComrclPprUndrlygXpsrRpt/NewCrrctn/ScrtstnRpt/UndrlygXpsrRcrd/UndrlygXpsrData/ResdtlRealEsttLn/PrfrmgLn/UndrlygXpsrCmonData/UndrlygXpsrDtls/BalDtls/TtlCdtLmt,TtlCdtLmt,,one_per_loan,,value_or_nodata,Document/ScrtstnNonAsstBckdComrclPprUndrlygXpsrRpt/NewCrrctn/ScrtstnRpt/UndrlygXpsrRcrd/UndrlygXpsrData/ResdtlRealEsttLn/PrfrmgLn/UndrlygXpsrCmonData/UndrlygXpsrDtls/BalDtls/TtlCdtLmt/NoDataOptn/NoData,inferred_high_confidence,workbook_xsd_validated,workbook+xsd_validated,"ESMA mapping workbook path, re-validated against the XSD tree (residential/performing branch). High-confidence corroboration — NOT promoted to confirmed pending final-XSD sign-off.",True,False,True,pending_delivery_certification,False,manual_review
RREL34,purchase_price,RREL,exposure,Document/ScrtstnNonAsstBckdComrclPprUndrlygXpsrRpt/NewCrrctn/ScrtstnRpt/UndrlygXpsrRcrd/UndrlygXpsrData/ResdtlRealEsttLn/PrfrmgLn/UndrlygXpsrCmonData/UndrlygXpsrDtls/BalDtls/PurchsPric,PurchsPric,,one_per_loan,,value_or_nodata,Document/ScrtstnNonAsstBckdComrclPprUndrlygXpsrRpt/NewCrrctn/ScrtstnRpt/UndrlygXpsrRcrd/UndrlygXpsrData/ResdtlRealEsttLn/PrfrmgLn/UndrlygXpsrCmonData/UndrlygXpsrDtls/BalDtls/PurchsPric/NoDataOptn/NoData,inferred_high_confidence,workbook_xsd_validated,workbook+xsd_validated,"ESMA mapping workbook path, re-validated against the XSD tree (residential/performing branch). High-confidence corroboration — NOT promoted to confirmed pending final-XSD sign-off.",True,False,True,pending_delivery_certification,False,manual_review
RREL35,amortisation_type,RREL,exposure,Document/ScrtstnNonAsstBckdComrclPprUndrlygXpsrRpt/NewCrrctn/ScrtstnRpt/UndrlygXpsrRcrd/UndrlygXpsrData/ResdtlRealEsttLn/PrfrmgLn/UndrlygXpsrCmonData/UndrlygXpsrDtls/RpmtDtls/AmtstnTp,AmtstnTp,Amortisation1Choice,one_per_loan,35,value_or_nodata,Document/ScrtstnNonAsstBckdComrclPprUndrlygXpsrRpt/NewCrrctn/ScrtstnRpt/UndrlygXpsrRcrd/UndrlygXpsrData/ResdtlRealEsttLn/PrfrmgLn/UndrlygXpsrCmonData/UndrlygXpsrDtls/RpmtDtls/AmtstnTp/NoDataOptn/NoData,inferred_high_confidence,workbook_xsd_validated,workbook+xsd_validated,"ESMA mapping workbook path, re-validated against the XSD tree (residential/performing branch). High-confidence corroboration — NOT promoted to confirmed pending final-XSD sign-off.",True,False,True,pending_delivery_certification,False,manual_review
RREL36,principal_grace_period_end_date,RREL,exposure,Document/ScrtstnNonAsstBckdComrclPprUndrlygXpsrRpt/NewCrrctn/ScrtstnRpt/UndrlygXpsrRcrd/UndrlygXpsrData/ResdtlRealEsttLn/PrfrmgLn/UndrlygXpsrCmonData/UndrlygXpsrDtls/RpmtDtls/CmonData/GracePrdEndDt,GracePrdEndDt,,one_per_loan,,value_or_nodata,Document/ScrtstnNonAsstBckdComrclPprUndrlygXpsrRpt/NewCrrctn/ScrtstnRpt/UndrlygXpsrRcrd/UndrlygXpsrData/ResdtlRealEsttLn/PrfrmgLn/UndrlygXpsrCmonData/UndrlygXpsrDtls/RpmtDtls/CmonData/GracePrdEndDt/NoDataOptn/NoData,inferred_high_confidence,workbook_xsd_validated,workbook+xsd_validated,"ESMA mapping workbook path, re-validated against the XSD tree (residential/performing branch). High-confidence corroboration — NOT promoted to confirmed pending final-XSD sign-off.",True,False,True,pending_delivery_certification,False,manual_review
RREL37,scheduled_principal_payment_frequency,RREL,exposure,Document/ScrtstnNonAsstBckdComrclPprUndrlygXpsrRpt/NewCrrctn/ScrtstnRpt/UndrlygXpsrRcrd/UndrlygXpsrData/ResdtlRealEsttLn/PrfrmgLn/UndrlygXpsrCmonData/UndrlygXpsrDtls/RpmtDtls/CmonData/SchdldPmtFrqcy,SchdldPmtFrqcy,,one_per_loan,,value_or_nodata,Document/ScrtstnNonAsstBckdComrclPprUndrlygXpsrRpt/NewCrrctn/ScrtstnRpt/UndrlygXpsrRcrd/UndrlygXpsrData/ResdtlRealEsttLn/PrfrmgLn/UndrlygXpsrCmonData/UndrlygXpsrDtls/RpmtDtls/CmonData/SchdldPmtFrqcy/NoDataOptn/NoData,inferred_high_confidence,workbook_xsd_validated,workbook+xsd_validated,"ESMA mapping workbook path, re-validated against the XSD tree (residential/performing branch). High-confidence corroboration — NOT promoted to confirmed pending final-XSD sign-off.",True,False,True,pending_delivery_certification,False,manual_review
RREL38,scheduled_interest_payment_frequency,RREL,exposure,Document/ScrtstnNonAsstBckdComrclPprUndrlygXpsrRpt/NewCrrctn/ScrtstnRpt/UndrlygXpsrRcrd/UndrlygXpsrData/ResdtlRealEsttLn/PrfrmgLn/UndrlygXpsrCmonData/UndrlygXpsrDtls/RpmtDtls/CmonData/IntrstPmtFrqcy,IntrstPmtFrqcy,,one_per_loan,,value_or_nodata,Document/ScrtstnNonAsstBckdComrclPprUndrlygXpsrRpt/NewCrrctn/ScrtstnRpt/UndrlygXpsrRcrd/UndrlygXpsrData/ResdtlRealEsttLn/PrfrmgLn/UndrlygXpsrCmonData/UndrlygXpsrDtls/RpmtDtls/CmonData/IntrstPmtFrqcy/NoDataOptn/NoData,inferred_high_confidence,workbook_xsd_validated,workbook+xsd_validated,"ESMA mapping workbook path, re-validated against the XSD tree (residential/performing branch). High-confidence corroboration — NOT promoted to confirmed pending final-XSD sign-off.",True,False,True,pending_delivery_certification,False,manual_review
RREL39,payment_due,RREL,exposure,Document/ScrtstnNonAsstBckdComrclPprUndrlygXpsrRpt/NewCrrctn/ScrtstnRpt/UndrlygXpsrRcrd/UndrlygXpsrData/ResdtlRealEsttLn/PrfrmgLn/UndrlygXpsrCmonData/PrfrmncDtls/PmtDtls/PmtDue,PmtDue,,one_per_loan,,value_or_nodata,Document/ScrtstnNonAsstBckdComrclPprUndrlygXpsrRpt/NewCrrctn/ScrtstnRpt/UndrlygXpsrRcrd/UndrlygXpsrData/ResdtlRealEsttLn/PrfrmgLn/UndrlygXpsrCmonData/PrfrmncDtls/PmtDtls/PmtDue/NoDataOptn/NoData,inferred_high_confidence,workbook_xsd_validated,workbook+xsd_validated,"ESMA mapping workbook path, re-validated against the XSD tree (residential/performing branch). High-confidence corroboration — NOT promoted to confirmed pending final-XSD sign-off.",True,False,True,pending_delivery_certification,False,manual_review
RREL40,debt_to_income_ratio,RREL,exposure,Document/ScrtstnNonAsstBckdComrclPprUndrlygXpsrRpt/NewCrrctn/ScrtstnRpt/UndrlygXpsrRcrd/UndrlygXpsrData/ResdtlRealEsttLn/PrfrmgLn/UndrlygXpsrCmonData/RskDtls/DebtToIncm,DebtToIncm,PercentageRate3Choice,one_per_loan,55,value_or_nodata,Document/ScrtstnNonAsstBckdComrclPprUndrlygXpsrRpt/NewCrrctn/ScrtstnRpt/UndrlygXpsrRcrd/UndrlygXpsrData/ResdtlRealEsttLn/PrfrmgLn/UndrlygXpsrCmonData/RskDtls/DebtToIncm/NoDataOptn/NoData,confirmed,confirmed_by_xsd_sample,sample_xml,workbook_semantic 'DebtToIncm/Rate' agrees with XSD path and sample message,False,True,True,pending_delivery_certification,False,delivery_xml
RREL41,balloon_amount,RREL,exposure,Document/ScrtstnNonAsstBckdComrclPprUndrlygXpsrRpt/NewCrrctn/ScrtstnRpt/UndrlygXpsrRcrd/UndrlygXpsrData/ResdtlRealEsttLn/PrfrmgLn/UndrlygXpsrCmonData/UndrlygXpsrDtls/RpmtDtls/BllnAmt,BllnAmt,Monetary3Choice,one_per_loan,36,value_or_nodata,Document/ScrtstnNonAsstBckdComrclPprUndrlygXpsrRpt/NewCrrctn/ScrtstnRpt/UndrlygXpsrRcrd/UndrlygXpsrData/ResdtlRealEsttLn/PrfrmgLn/UndrlygXpsrCmonData/UndrlygXpsrDtls/RpmtDtls/BllnAmt/NoDataOptn/NoData,confirmed,confirmed_by_xsd_sample,sample_xml,workbook_semantic 'BllnAmt/Val/Amt' agrees with XSD path and sample message,False,True,True,pending_delivery_certification,False,delivery_xml
RREL42,interest_rate_type,RREL,exposure,Document/ScrtstnNonAsstBckdComrclPprUndrlygXpsrRpt/NewCrrctn/ScrtstnRpt/UndrlygXpsrRcrd/UndrlygXpsrData/ResdtlRealEsttLn/PrfrmgLn/UndrlygXpsrCmonData/UndrlygXpsrDtls/IntrstRateDtls/Tp,Tp,,one_per_loan,,value_or_nodata,Document/ScrtstnNonAsstBckdComrclPprUndrlygXpsrRpt/NewCrrctn/ScrtstnRpt/UndrlygXpsrRcrd/UndrlygXpsrData/ResdtlRealEsttLn/PrfrmgLn/UndrlygXpsrCmonData/UndrlygXpsrDtls/IntrstRateDtls/Tp/NoDataOptn/NoData,inferred_high_confidence,workbook_xsd_validated,workbook+xsd_validated,"ESMA mapping workbook path, re-validated against the XSD tree (residential/performing branch). High-confidence corroboration — NOT promoted to confirmed pending final-XSD sign-off.",True,False,True,pending_delivery_certification,False,manual_review
RREL43,current_interest_rate,RREL,exposure,Document/ScrtstnNonAsstBckdComrclPprUndrlygXpsrRpt/NewCrrctn/ScrtstnRpt/UndrlygXpsrRcrd/UndrlygXpsrData/ResdtlRealEsttLn/PrfrmgLn/UndrlygXpsrCmonData/UndrlygXpsrDtls/IntrstRateDtls/CmonData/CurRate,CurRate,,one_per_loan,,value_or_nodata,Document/ScrtstnNonAsstBckdComrclPprUndrlygXpsrRpt/NewCrrctn/ScrtstnRpt/UndrlygXpsrRcrd/UndrlygXpsrData/ResdtlRealEsttLn/PrfrmgLn/UndrlygXpsrCmonData/UndrlygXpsrDtls/IntrstRateDtls/CmonData/CurRate/NoDataOptn/NoData,inferred_high_confidence,workbook_xsd_validated,workbook+xsd_validated,"ESMA mapping workbook path, re-validated against the XSD tree (residential/performing branch). High-confidence corroboration — NOT promoted to confirmed pending final-XSD sign-off.",True,False,True,pending_delivery_certification,False,manual_review
RREL44,current_interest_rate_index,RREL,exposure,Document/ScrtstnNonAsstBckdComrclPprUndrlygXpsrRpt/NewCrrctn/ScrtstnRpt/UndrlygXpsrRcrd/UndrlygXpsrData/ResdtlRealEsttLn/PrfrmgLn/UndrlygXpsrCmonData/UndrlygXpsrDtls/IntrstRateDtls/CmonData/CurIndx,CurIndx,InterestRateIndex1Choice,one_per_loan,51,value_or_nodata,Document/ScrtstnNonAsstBckdComrclPprUndrlygXpsrRpt/NewCrrctn/ScrtstnRpt/UndrlygXpsrRcrd/UndrlygXpsrData/ResdtlRealEsttLn/PrfrmgLn/UndrlygXpsrCmonData/UndrlygXpsrDtls/IntrstRateDtls/CmonData/CurIndx/NoDataOptn/NoData,inferred_high_confidence,workbook_xsd_validated,workbook+xsd_validated,"ESMA mapping workbook path, re-validated against the XSD tree (residential/performing branch). High-confidence corroboration — NOT promoted to confirmed pending final-XSD sign-off.",True,False,True,pending_delivery_certification,False,manual_review
RREL45,current_interest_rate_index_tenor,RREL,exposure,Document/ScrtstnNonAsstBckdComrclPprUndrlygXpsrRpt/NewCrrctn/ScrtstnRpt/UndrlygXpsrRcrd/UndrlygXpsrData/ResdtlRealEsttLn/PrfrmgLn/UndrlygXpsrCmonData/UndrlygXpsrDtls/IntrstRateDtls/CmonData/CurTnor,CurTnor,InterestRateIndexTenor1Choice,one_per_loan,52,value_or_nodata,Document/ScrtstnNonAsstBckdComrclPprUndrlygXpsrRpt/NewCrrctn/ScrtstnRpt/UndrlygXpsrRcrd/UndrlygXpsrData/ResdtlRealEsttLn/PrfrmgLn/UndrlygXpsrCmonData/UndrlygXpsrDtls/IntrstRateDtls/CmonData/CurTnor/NoDataOptn/NoData,inferred_high_confidence,workbook_xsd_validated,workbook+xsd_validated,"ESMA mapping workbook path, re-validated against the XSD tree (residential/performing branch). High-confidence corroboration — NOT promoted to confirmed pending final-XSD sign-off.",True,False,True,pending_delivery_certification,False,manual_review
RREL46,current_interest_rate_margin,RREL,exposure,Document/ScrtstnNonAsstBckdComrclPprUndrlygXpsrRpt/NewCrrctn/ScrtstnRpt/UndrlygXpsrRcrd/UndrlygXpsrData/ResdtlRealEsttLn/PrfrmgLn/UndrlygXpsrCmonData/UndrlygXpsrDtls/IntrstRateDtls/CurIntrstRateMrgn,CurIntrstRateMrgn,,one_per_loan,,value_or_nodata,Document/ScrtstnNonAsstBckdComrclPprUndrlygXpsrRpt/NewCrrctn/ScrtstnRpt/UndrlygXpsrRcrd/UndrlygXpsrData/ResdtlRealEsttLn/PrfrmgLn/UndrlygXpsrCmonData/UndrlygXpsrDtls/IntrstRateDtls/CurIntrstRateMrgn/NoDataOptn/NoData,inferred_high_confidence,workbook_xsd_validated,workbook+xsd_validated,"ESMA mapping workbook path, re-validated against the XSD tree (residential/performing branch). High-confidence corroboration — NOT promoted to confirmed pending final-XSD sign-off.",True,False,True,pending_delivery_certification,False,manual_review
RREL47,interest_rate_reset_interval,RREL,exposure,Document/ScrtstnNonAsstBckdComrclPprUndrlygXpsrRpt/NewCrrctn/ScrtstnRpt/UndrlygXpsrRcrd/UndrlygXpsrData/ResdtlRealEsttLn/PrfrmgLn/UndrlygXpsrCmonData/UndrlygXpsrDtls/IntrstRateDtls/AddtlCmonData/RstIntrvl,RstIntrvl,,one_per_loan,,value_or_nodata,Document/ScrtstnNonAsstBckdComrclPprUndrlygXpsrRpt/NewCrrctn/ScrtstnRpt/UndrlygXpsrRcrd/UndrlygXpsrData/ResdtlRealEsttLn/PrfrmgLn/UndrlygXpsrCmonData/UndrlygXpsrDtls/IntrstRateDtls/AddtlCmonData/RstIntrvl/NoDataOptn/NoData,inferred_high_confidence,workbook_xsd_validated,workbook+xsd_validated,"ESMA mapping workbook path, re-validated against the XSD tree (residential/performing branch). High-confidence corroboration — NOT promoted to confirmed pending final-XSD sign-off.",True,False,True,pending_delivery_certification,False,manual_review
RREL48,interest_rate_cap,RREL,exposure,Document/ScrtstnNonAsstBckdComrclPprUndrlygXpsrRpt/NewCrrctn/ScrtstnRpt/UndrlygXpsrRcrd/UndrlygXpsrData/ResdtlRealEsttLn/PrfrmgLn/UndrlygXpsrCmonData/UndrlygXpsrDtls/IntrstRateDtls/AddtlCmonData/Cap,Cap,,one_per_loan,,value_or_nodata,Document/ScrtstnNonAsstBckdComrclPprUndrlygXpsrRpt/NewCrrctn/ScrtstnRpt/UndrlygXpsrRcrd/UndrlygXpsrData/ResdtlRealEsttLn/PrfrmgLn/UndrlygXpsrCmonData/UndrlygXpsrDtls/IntrstRateDtls/AddtlCmonData/Cap/NoDataOptn/NoData,inferred_high_confidence,workbook_xsd_validated,workbook+xsd_validated,"ESMA mapping workbook path, re-validated against the XSD tree (residential/performing branch). High-confidence corroboration — NOT promoted to confirmed pending final-XSD sign-off.",True,False,True,pending_delivery_certification,False,manual_review
RREL49,interest_rate_floor,RREL,exposure,Document/ScrtstnNonAsstBckdComrclPprUndrlygXpsrRpt/NewCrrctn/ScrtstnRpt/UndrlygXpsrRcrd/UndrlygXpsrData/ResdtlRealEsttLn/PrfrmgLn/UndrlygXpsrCmonData/UndrlygXpsrDtls/IntrstRateDtls/AddtlCmonData/Flr,Flr,,one_per_loan,,value_or_nodata,Document/ScrtstnNonAsstBckdComrclPprUndrlygXpsrRpt/NewCrrctn/ScrtstnRpt/UndrlygXpsrRcrd/UndrlygXpsrData/ResdtlRealEsttLn/PrfrmgLn/UndrlygXpsrCmonData/UndrlygXpsrDtls/IntrstRateDtls/AddtlCmonData/Flr/NoDataOptn/NoData,inferred_high_confidence,workbook_xsd_validated,workbook+xsd_validated,"ESMA mapping workbook path, re-validated against the XSD tree (residential/performing branch). High-confidence corroboration — NOT promoted to confirmed pending final-XSD sign-off.",True,False,True,pending_delivery_certification,False,manual_review
RREL50,revision_margin_1,RREL,exposure,Document/ScrtstnNonAsstBckdComrclPprUndrlygXpsrRpt/NewCrrctn/ScrtstnRpt/UndrlygXpsrRcrd/UndrlygXpsrData/ResdtlRealEsttLn/PrfrmgLn/UndrlygXpsrCmonData/UndrlygXpsrDtls/IntrstRateDtls/FrstRvsnData/Mrgn,Mrgn,,one_per_loan,,value_or_nodata,Document/ScrtstnNonAsstBckdComrclPprUndrlygXpsrRpt/NewCrrctn/ScrtstnRpt/UndrlygXpsrRcrd/UndrlygXpsrData/ResdtlRealEsttLn/PrfrmgLn/UndrlygXpsrCmonData/UndrlygXpsrDtls/IntrstRateDtls/FrstRvsnData/Mrgn/NoDataOptn/NoData,inferred_high_confidence,workbook_xsd_validated,workbook+xsd_validated,"ESMA mapping workbook path, re-validated against the XSD tree (residential/performing branch). High-confidence corroboration — NOT promoted to confirmed pending final-XSD sign-off.",True,False,True,pending_delivery_certification,False,manual_review
RREL51,interest_revision_date_1,RREL,exposure,Document/ScrtstnNonAsstBckdComrclPprUndrlygXpsrRpt/NewCrrctn/ScrtstnRpt/UndrlygXpsrRcrd/UndrlygXpsrData/ResdtlRealEsttLn/PrfrmgLn/UndrlygXpsrCmonData/UndrlygXpsrDtls/IntrstRateDtls/FrstRvsnData/IntrstRvsnDt,IntrstRvsnDt,,one_per_loan,,value_or_nodata,Document/ScrtstnNonAsstBckdComrclPprUndrlygXpsrRpt/NewCrrctn/ScrtstnRpt/UndrlygXpsrRcrd/UndrlygXpsrData/ResdtlRealEsttLn/PrfrmgLn/UndrlygXpsrCmonData/UndrlygXpsrDtls/IntrstRateDtls/FrstRvsnData/IntrstRvsnDt/NoDataOptn/NoData,inferred_high_confidence,workbook_xsd_validated,workbook+xsd_validated,"ESMA mapping workbook path, re-validated against the XSD tree (residential/performing branch). High-confidence corroboration — NOT promoted to confirmed pending final-XSD sign-off.",True,False,True,pending_delivery_certification,False,manual_review
RREL52,revision_margin_2,RREL,exposure,Document/ScrtstnNonAsstBckdComrclPprUndrlygXpsrRpt/NewCrrctn/ScrtstnRpt/UndrlygXpsrRcrd/UndrlygXpsrData/ResdtlRealEsttLn/PrfrmgLn/UndrlygXpsrCmonData/UndrlygXpsrDtls/IntrstRateDtls/ScndRvsnData/Mrgn,Mrgn,,one_per_loan,,value_or_nodata,Document/ScrtstnNonAsstBckdComrclPprUndrlygXpsrRpt/NewCrrctn/ScrtstnRpt/UndrlygXpsrRcrd/UndrlygXpsrData/ResdtlRealEsttLn/PrfrmgLn/UndrlygXpsrCmonData/UndrlygXpsrDtls/IntrstRateDtls/ScndRvsnData/Mrgn/NoDataOptn/NoData,inferred_high_confidence,workbook_xsd_validated,workbook+xsd_validated,"ESMA mapping workbook path, re-validated against the XSD tree (residential/performing branch). High-confidence corroboration — NOT promoted to confirmed pending final-XSD sign-off.",True,False,True,pending_delivery_certification,False,manual_review
RREL53,interest_revision_date_2,RREL,exposure,Document/ScrtstnNonAsstBckdComrclPprUndrlygXpsrRpt/NewCrrctn/ScrtstnRpt/UndrlygXpsrRcrd/UndrlygXpsrData/ResdtlRealEsttLn/PrfrmgLn/UndrlygXpsrCmonData/UndrlygXpsrDtls/IntrstRateDtls/ScndRvsnData/IntrstRvsnDt,IntrstRvsnDt,,one_per_loan,,value_or_nodata,Document/ScrtstnNonAsstBckdComrclPprUndrlygXpsrRpt/NewCrrctn/ScrtstnRpt/UndrlygXpsrRcrd/UndrlygXpsrData/ResdtlRealEsttLn/PrfrmgLn/UndrlygXpsrCmonData/UndrlygXpsrDtls/IntrstRateDtls/ScndRvsnData/IntrstRvsnDt/NoDataOptn/NoData,inferred_high_confidence,workbook_xsd_validated,workbook+xsd_validated,"ESMA mapping workbook path, re-validated against the XSD tree (residential/performing branch). High-confidence corroboration — NOT promoted to confirmed pending final-XSD sign-off.",True,False,True,pending_delivery_certification,False,manual_review
RREL54,revision_margin_3,RREL,exposure,Document/ScrtstnNonAsstBckdComrclPprUndrlygXpsrRpt/NewCrrctn/ScrtstnRpt/UndrlygXpsrRcrd/UndrlygXpsrData/ResdtlRealEsttLn/PrfrmgLn/UndrlygXpsrCmonData/UndrlygXpsrDtls/IntrstRateDtls/ThrdRvsnData/Mrgn,Mrgn,,one_per_loan,,value_or_nodata,Document/ScrtstnNonAsstBckdComrclPprUndrlygXpsrRpt/NewCrrctn/ScrtstnRpt/UndrlygXpsrRcrd/UndrlygXpsrData/ResdtlRealEsttLn/PrfrmgLn/UndrlygXpsrCmonData/UndrlygXpsrDtls/IntrstRateDtls/ThrdRvsnData/Mrgn/NoDataOptn/NoData,inferred_high_confidence,workbook_xsd_validated,workbook+xsd_validated,"ESMA mapping workbook path, re-validated against the XSD tree (residential/performing branch). High-confidence corroboration — NOT promoted to confirmed pending final-XSD sign-off.",True,False,True,pending_delivery_certification,False,manual_review
RREL55,interest_revision_date_3,RREL,exposure,Document/ScrtstnNonAsstBckdComrclPprUndrlygXpsrRpt/NewCrrctn/ScrtstnRpt/UndrlygXpsrRcrd/UndrlygXpsrData/ResdtlRealEsttLn/PrfrmgLn/UndrlygXpsrCmonData/UndrlygXpsrDtls/IntrstRateDtls/ThrdRvsnData/IntrstRvsnDt,IntrstRvsnDt,,one_per_loan,,value_or_nodata,Document/ScrtstnNonAsstBckdComrclPprUndrlygXpsrRpt/NewCrrctn/ScrtstnRpt/UndrlygXpsrRcrd/UndrlygXpsrData/ResdtlRealEsttLn/PrfrmgLn/UndrlygXpsrCmonData/UndrlygXpsrDtls/IntrstRateDtls/ThrdRvsnData/IntrstRvsnDt/NoDataOptn/NoData,inferred_high_confidence,workbook_xsd_validated,workbook+xsd_validated,"ESMA mapping workbook path, re-validated against the XSD tree (residential/performing branch). High-confidence corroboration — NOT promoted to confirmed pending final-XSD sign-off.",True,False,True,pending_delivery_certification,False,manual_review
RREL56,revised_interest_rate_index,RREL,exposure,Document/ScrtstnNonAsstBckdComrclPprUndrlygXpsrRpt/NewCrrctn/ScrtstnRpt/UndrlygXpsrRcrd/UndrlygXpsrData/ResdtlRealEsttLn/PrfrmgLn/UndrlygXpsrCmonData/UndrlygXpsrDtls/IntrstRateDtls/RvisdIntrstRateIndx,RvisdIntrstRateIndx,,one_per_loan,,value_or_nodata,Document/ScrtstnNonAsstBckdComrclPprUndrlygXpsrRpt/NewCrrctn/ScrtstnRpt/UndrlygXpsrRcrd/UndrlygXpsrData/ResdtlRealEsttLn/PrfrmgLn/UndrlygXpsrCmonData/UndrlygXpsrDtls/IntrstRateDtls/RvisdIntrstRateIndx/NoDataOptn/NoData,inferred_high_confidence,workbook_xsd_validated,workbook+xsd_validated,"ESMA mapping workbook path, re-validated against the XSD tree (residential/performing branch). High-confidence corroboration — NOT promoted to confirmed pending final-XSD sign-off.",True,False,True,pending_delivery_certification,False,manual_review
RREL57,revised_interest_rate_index_tenor,RREL,exposure,Document/ScrtstnNonAsstBckdComrclPprUndrlygXpsrRpt/NewCrrctn/ScrtstnRpt/UndrlygXpsrRcrd/UndrlygXpsrData/ResdtlRealEsttLn/PrfrmgLn/UndrlygXpsrCmonData/UndrlygXpsrDtls/IntrstRateDtls/RvisdIntrstRateIndxTnor,RvisdIntrstRateIndxTnor,,one_per_loan,,value_or_nodata,Document/ScrtstnNonAsstBckdComrclPprUndrlygXpsrRpt/NewCrrctn/ScrtstnRpt/UndrlygXpsrRcrd/UndrlygXpsrData/ResdtlRealEsttLn/PrfrmgLn/UndrlygXpsrCmonData/UndrlygXpsrDtls/IntrstRateDtls/RvisdIntrstRateIndxTnor/NoDataOptn/NoData,inferred_high_confidence,workbook_xsd_validated,workbook+xsd_validated,"ESMA mapping workbook path, re-validated against the XSD tree (residential/performing branch). High-confidence corroboration — NOT promoted to confirmed pending final-XSD sign-off.",True,False,True,pending_delivery_certification,False,manual_review
RREL58,number_of_payments_before_securitisation,RREL,exposure,Document/ScrtstnNonAsstBckdComrclPprUndrlygXpsrRpt/NewCrrctn/ScrtstnRpt/UndrlygXpsrRcrd/UndrlygXpsrData/ResdtlRealEsttLn/PrfrmgLn/UndrlygXpsrCmonData/PrfrmncDtls/PmtDtls/NbOfPmtsBfrScrtstn,NbOfPmtsBfrScrtstn,Max4PositiveNumber2Choice,one_per_loan,60,value_or_nodata,Document/ScrtstnNonAsstBckdComrclPprUndrlygXpsrRpt/NewCrrctn/ScrtstnRpt/UndrlygXpsrRcrd/UndrlygXpsrData/ResdtlRealEsttLn/PrfrmgLn/UndrlygXpsrCmonData/PrfrmncDtls/PmtDtls/NbOfPmtsBfrScrtstn/NoDataOptn/NoData,inferred_high_confidence,workbook_xsd_validated,workbook+xsd_validated,"ESMA mapping workbook path, re-validated against the XSD tree (residential/performing branch). High-confidence corroboration — NOT promoted to confirmed pending final-XSD sign-off.",True,False,True,pending_delivery_certification,False,manual_review
RREL59,percentage_of_prepayments_allowed_per_year,RREL,exposure,Document/ScrtstnNonAsstBckdComrclPprUndrlygXpsrRpt/NewCrrctn/ScrtstnRpt/UndrlygXpsrRcrd/UndrlygXpsrData/ResdtlRealEsttLn/PrfrmgLn/UndrlygXpsrCmonData/PrfrmncDtls/PrepmtDtls/PrepmtCmonData/AllwdPerYr,AllwdPerYr,,one_per_loan,,value_or_nodata,Document/ScrtstnNonAsstBckdComrclPprUndrlygXpsrRpt/NewCrrctn/ScrtstnRpt/UndrlygXpsrRcrd/UndrlygXpsrData/ResdtlRealEsttLn/PrfrmgLn/UndrlygXpsrCmonData/PrfrmncDtls/PrepmtDtls/PrepmtCmonData/AllwdPerYr/NoDataOptn/NoData,inferred_high_confidence,workbook_xsd_validated,workbook+xsd_validated,"ESMA mapping workbook path, re-validated against the XSD tree (residential/performing branch). High-confidence corroboration — NOT promoted to confirmed pending final-XSD sign-off.",True,False,True,pending_delivery_certification,False,manual_review
RREL60,prepayment_lock_out_end_date,RREL,exposure,Document/ScrtstnNonAsstBckdComrclPprUndrlygXpsrRpt/NewCrrctn/ScrtstnRpt/UndrlygXpsrRcrd/UndrlygXpsrData/ResdtlRealEsttLn/PrfrmgLn/UndrlygXpsrCmonData/PrfrmncDtls/PrepmtDtls/LckOutEndDt,LckOutEndDt,,one_per_loan,,value_or_nodata,Document/ScrtstnNonAsstBckdComrclPprUndrlygXpsrRpt/NewCrrctn/ScrtstnRpt/UndrlygXpsrRcrd/UndrlygXpsrData/ResdtlRealEsttLn/PrfrmgLn/UndrlygXpsrCmonData/PrfrmncDtls/PrepmtDtls/LckOutEndDt/NoDataOptn/NoData,inferred_high_confidence,workbook_xsd_validated,workbook+xsd_validated,"ESMA mapping workbook path, re-validated against the XSD tree (residential/performing branch). High-confidence corroboration — NOT promoted to confirmed pending final-XSD sign-off.",True,False,True,pending_delivery_certification,False,manual_review
RREL61,prepayment_fee,RREL,exposure,Document/ScrtstnNonAsstBckdComrclPprUndrlygXpsrRpt/NewCrrctn/ScrtstnRpt/UndrlygXpsrRcrd/UndrlygXpsrData/ResdtlRealEsttLn/PrfrmgLn/UndrlygXpsrCmonData/PrfrmncDtls/PrepmtDtls/PrepmtCmonData/Fee,Fee,,one_per_loan,,value_or_nodata,Document/ScrtstnNonAsstBckdComrclPprUndrlygXpsrRpt/NewCrrctn/ScrtstnRpt/UndrlygXpsrRcrd/UndrlygXpsrData/ResdtlRealEsttLn/PrfrmgLn/UndrlygXpsrCmonData/PrfrmncDtls/PrepmtDtls/PrepmtCmonData/Fee/NoDataOptn/NoData,inferred_high_confidence,workbook_xsd_validated,workbook+xsd_validated,"ESMA mapping workbook path, re-validated against the XSD tree (residential/performing branch). High-confidence corroboration — NOT promoted to confirmed pending final-XSD sign-off.",True,False,True,pending_delivery_certification,False,manual_review
RREL62,prepayment_fee_end_date,RREL,exposure,Document/ScrtstnNonAsstBckdComrclPprUndrlygXpsrRpt/NewCrrctn/ScrtstnRpt/UndrlygXpsrRcrd/UndrlygXpsrData/ResdtlRealEsttLn/PrfrmgLn/UndrlygXpsrCmonData/PrfrmncDtls/PrepmtDtls/PrepmtCmonData/FeeEndDt,FeeEndDt,,one_per_loan,,value_or_nodata,Document/ScrtstnNonAsstBckdComrclPprUndrlygXpsrRpt/NewCrrctn/ScrtstnRpt/UndrlygXpsrRcrd/UndrlygXpsrData/ResdtlRealEsttLn/PrfrmgLn/UndrlygXpsrCmonData/PrfrmncDtls/PrepmtDtls/PrepmtCmonData/FeeEndDt/NoDataOptn/NoData,inferred_high_confidence,workbook_xsd_validated,workbook+xsd_validated,"ESMA mapping workbook path, re-validated against the XSD tree (residential/performing branch). High-confidence corroboration — NOT promoted to confirmed pending final-XSD sign-off.",True,False,True,pending_delivery_certification,False,manual_review
RREL63,prepayment_date,RREL,exposure,Document/ScrtstnNonAsstBckdComrclPprUndrlygXpsrRpt/NewCrrctn/ScrtstnRpt/UndrlygXpsrRcrd/UndrlygXpsrData/ResdtlRealEsttLn/PrfrmgLn/UndrlygXpsrCmonData/PrfrmncDtls/PrepmtDtls/PrepmtCmonData/LatstDt,LatstDt,,one_per_loan,,value_or_nodata,Document/ScrtstnNonAsstBckdComrclPprUndrlygXpsrRpt/NewCrrctn/ScrtstnRpt/UndrlygXpsrRcrd/UndrlygXpsrData/ResdtlRealEsttLn/PrfrmgLn/UndrlygXpsrCmonData/PrfrmncDtls/PrepmtDtls/PrepmtCmonData/LatstDt/NoDataOptn/NoData,inferred_high_confidence,workbook_xsd_validated,workbook+xsd_validated,"ESMA mapping workbook path, re-validated against the XSD tree (residential/performing branch). High-confidence corroboration — NOT promoted to confirmed pending final-XSD sign-off.",True,False,True,pending_delivery_certification,False,manual_review
RREL64,cumulative_prepayments,RREL,exposure,Document/ScrtstnNonAsstBckdComrclPprUndrlygXpsrRpt/NewCrrctn/ScrtstnRpt/UndrlygXpsrRcrd/UndrlygXpsrData/ResdtlRealEsttLn/PrfrmgLn/UndrlygXpsrCmonData/PrfrmncDtls/PrepmtDtls/PrepmtCmonData/CmltvAmt,CmltvAmt,,one_per_loan,,value_or_nodata,Document/ScrtstnNonAsstBckdComrclPprUndrlygXpsrRpt/NewCrrctn/ScrtstnRpt/UndrlygXpsrRcrd/UndrlygXpsrData/ResdtlRealEsttLn/PrfrmgLn/UndrlygXpsrCmonData/PrfrmncDtls/PrepmtDtls/PrepmtCmonData/CmltvAmt/NoDataOptn/NoData,inferred_high_confidence,workbook_xsd_validated,workbook+xsd_validated,"ESMA mapping workbook path, re-validated against the XSD tree (residential/performing branch). High-confidence corroboration — NOT promoted to confirmed pending final-XSD sign-off.",True,False,True,pending_delivery_certification,False,manual_review
RREL65,date_of_repurchase,RREL,exposure,Document/ScrtstnNonAsstBckdComrclPprUndrlygXpsrRpt/NewCrrctn/ScrtstnRpt/UndrlygXpsrRcrd/UndrlygXpsrData/ResdtlRealEsttLn/PrfrmgLn/UndrlygXpsrCmonData/PrfrmncDtls/GnlAttrbts/RstrgDt,RstrgDt,,one_per_loan,,value_or_nodata,Document/ScrtstnNonAsstBckdComrclPprUndrlygXpsrRpt/NewCrrctn/ScrtstnRpt/UndrlygXpsrRcrd/UndrlygXpsrData/ResdtlRealEsttLn/PrfrmgLn/UndrlygXpsrCmonData/PrfrmncDtls/GnlAttrbts/RstrgDt/NoDataOptn/NoData,inferred_high_confidence,workbook_xsd_validated,workbook+xsd_validated,"ESMA mapping workbook path, re-validated against the XSD tree (residential/performing branch). High-confidence corroboration — NOT promoted to confirmed pending final-XSD sign-off.",True,False,True,pending_delivery_certification,False,manual_review
RREL66,date_last_in_arrears,RREL,exposure,Document/ScrtstnNonAsstBckdComrclPprUndrlygXpsrRpt/NewCrrctn/ScrtstnRpt/UndrlygXpsrRcrd/UndrlygXpsrData/ResdtlRealEsttLn/PrfrmgLn/UndrlygXpsrCmonData/PrfrmncDtls/ArrearsDtls/DtLastInArrears,DtLastInArrears,,one_per_loan,,value_or_nodata,Document/ScrtstnNonAsstBckdComrclPprUndrlygXpsrRpt/NewCrrctn/ScrtstnRpt/UndrlygXpsrRcrd/UndrlygXpsrData/ResdtlRealEsttLn/PrfrmgLn/UndrlygXpsrCmonData/PrfrmncDtls/ArrearsDtls/DtLastInArrears/NoDataOptn/NoData,inferred_high_confidence,workbook_xsd_validated,workbook+xsd_validated,"ESMA mapping workbook path, re-validated against the XSD tree (residential/performing branch). High-confidence corroboration — NOT promoted to confirmed pending final-XSD sign-off.",True,False,True,pending_delivery_certification,False,manual_review
RREL67,arrears_balance,RREL,exposure,,,,one_per_loan,,unknown,,unresolved,manual_review_required,manual_review,no workbook_semantic in delivery_rules (TBC/mismapped); needs manual XSD review,True,False,False,pending_delivery_certification,False,config_policy
RREL68,number_of_days_in_arrears,RREL,exposure,Document/ScrtstnNonAsstBckdComrclPprUndrlygXpsrRpt/NewCrrctn/ScrtstnRpt/UndrlygXpsrRcrd/UndrlygXpsrData/ResdtlRealEsttLn/PrfrmgLn/UndrlygXpsrCmonData/PrfrmncDtls/ArrearsDtls/NbOfDaysInArrears,NbOfDaysInArrears,,one_per_loan,,value,,inferred_high_confidence,workbook_xsd_validated,workbook+xsd_validated,"ESMA mapping workbook path, re-validated against the XSD tree (residential/performing branch). High-confidence corroboration — NOT promoted to confirmed pending final-XSD sign-off.",True,False,True,pending_delivery_certification,False,manual_review
RREL69,account_status,RREL,exposure,Document/ScrtstnNonAsstBckdComrclPprUndrlygXpsrRpt/NewCrrctn/ScrtstnRpt/UndrlygXpsrRcrd/UndrlygXpsrData/ResdtlRealEsttLn/PrfrmgLn/UndrlygXpsrCmonData/PrfrmncDtls/GnlAttrbts/AcctSts,AcctSts,SecuritisationAccountStatus1Code,one_per_loan,57,value,,confirmed,confirmed_by_xsd_sample,sample_xml,workbook_semantic 'AcctSts' agrees with XSD path and sample message,False,True,True,pending_delivery_certification,False,delivery_xml
RREL70,reason_for_default_or_foreclosure,RREL,exposure,Document/ScrtstnNonAsstBckdComrclPprUndrlygXpsrRpt/NewCrrctn/ScrtstnRpt/UndrlygXpsrRcrd/UndrlygXpsrData/ResdtlRealEsttLn/PrfrmgLn/UndrlygXpsrCmonData/PrfrmncDtls/DfltDtls/CmonData/DfltOrFrclsrRsn,DfltOrFrclsrRsn,,one_per_loan,,value_or_nodata,Document/ScrtstnNonAsstBckdComrclPprUndrlygXpsrRpt/NewCrrctn/ScrtstnRpt/UndrlygXpsrRcrd/UndrlygXpsrData/ResdtlRealEsttLn/PrfrmgLn/UndrlygXpsrCmonData/PrfrmncDtls/DfltDtls/CmonData/DfltOrFrclsrRsn/NoDataOptn/NoData,inferred_high_confidence,workbook_xsd_validated,workbook+xsd_validated,"ESMA mapping workbook path, re-validated against the XSD tree (residential/performing branch). High-confidence corroboration — NOT promoted to confirmed pending final-XSD sign-off.",True,False,True,pending_delivery_certification,False,manual_review
RREL71,default_amount,RREL,exposure,Document/ScrtstnNonAsstBckdComrclPprUndrlygXpsrRpt/NewCrrctn/ScrtstnRpt/UndrlygXpsrRcrd/UndrlygXpsrData/ResdtlRealEsttLn/PrfrmgLn/UndrlygXpsrCmonData/PrfrmncDtls/DfltDtls/CmonData/GrssDflt,GrssDflt,,one_per_loan,,value_or_nodata,Document/ScrtstnNonAsstBckdComrclPprUndrlygXpsrRpt/NewCrrctn/ScrtstnRpt/UndrlygXpsrRcrd/UndrlygXpsrData/ResdtlRealEsttLn/PrfrmgLn/UndrlygXpsrCmonData/PrfrmncDtls/DfltDtls/CmonData/GrssDflt/NoDataOptn/NoData,inferred_high_confidence,workbook_xsd_validated,workbook+xsd_validated,"ESMA mapping workbook path, re-validated against the XSD tree (residential/performing branch). High-confidence corroboration — NOT promoted to confirmed pending final-XSD sign-off.",True,False,True,pending_delivery_certification,False,manual_review
RREL72,default_date,RREL,exposure,Document/ScrtstnNonAsstBckdComrclPprUndrlygXpsrRpt/NewCrrctn/ScrtstnRpt/UndrlygXpsrRcrd/UndrlygXpsrData/ResdtlRealEsttLn/PrfrmgLn/UndrlygXpsrCmonData/PrfrmncDtls/DfltDtls/CmonData/DtOfDflt,DtOfDflt,,one_per_loan,,value_or_nodata,Document/ScrtstnNonAsstBckdComrclPprUndrlygXpsrRpt/NewCrrctn/ScrtstnRpt/UndrlygXpsrRcrd/UndrlygXpsrData/ResdtlRealEsttLn/PrfrmgLn/UndrlygXpsrCmonData/PrfrmncDtls/DfltDtls/CmonData/DtOfDflt/NoDataOptn/NoData,inferred_high_confidence,workbook_xsd_validated,workbook+xsd_validated,"ESMA mapping workbook path, re-validated against the XSD tree (residential/performing branch). High-confidence corroboration — NOT promoted to confirmed pending final-XSD sign-off.",True,False,True,pending_delivery_certification,False,manual_review
RREL73,allocated_losses,RREL,exposure,Document/ScrtstnNonAsstBckdComrclPprUndrlygXpsrRpt/NewCrrctn/ScrtstnRpt/UndrlygXpsrRcrd/UndrlygXpsrData/ResdtlRealEsttLn/PrfrmgLn/UndrlygXpsrCmonData/PrfrmncDtls/DfltDtls/RcvrsData/AllctdLoss,AllctdLoss,,one_per_loan,,value_or_nodata,Document/ScrtstnNonAsstBckdComrclPprUndrlygXpsrRpt/NewCrrctn/ScrtstnRpt/UndrlygXpsrRcrd/UndrlygXpsrData/ResdtlRealEsttLn/PrfrmgLn/UndrlygXpsrCmonData/PrfrmncDtls/DfltDtls/RcvrsData/AllctdLoss/NoDataOptn/NoData,inferred_high_confidence,workbook_xsd_validated,workbook+xsd_validated,"ESMA mapping workbook path, re-validated against the XSD tree (residential/performing branch). High-confidence corroboration — NOT promoted to confirmed pending final-XSD sign-off.",True,False,True,pending_delivery_certification,False,manual_review
RREL74,cumulative_recoveries,RREL,exposure,Document/ScrtstnNonAsstBckdComrclPprUndrlygXpsrRpt/NewCrrctn/ScrtstnRpt/UndrlygXpsrRcrd/UndrlygXpsrData/ResdtlRealEsttLn/PrfrmgLn/UndrlygXpsrCmonData/PrfrmncDtls/DfltDtls/RcvrsData/CmltvRcvrs,CmltvRcvrs,,one_per_loan,,value_or_nodata,Document/ScrtstnNonAsstBckdComrclPprUndrlygXpsrRpt/NewCrrctn/ScrtstnRpt/UndrlygXpsrRcrd/UndrlygXpsrData/ResdtlRealEsttLn/PrfrmgLn/UndrlygXpsrCmonData/PrfrmncDtls/DfltDtls/RcvrsData/CmltvRcvrs/NoDataOptn/NoData,inferred_high_confidence,workbook_xsd_validated,workbook+xsd_validated,"ESMA mapping workbook path, re-validated against the XSD tree (residential/performing branch). High-confidence corroboration — NOT promoted to confirmed pending final-XSD sign-off.",True,False,True,pending_delivery_certification,False,manual_review
RREL75,litigation,RREL,exposure,Document/ScrtstnNonAsstBckdComrclPprUndrlygXpsrRpt/NewCrrctn/ScrtstnRpt/UndrlygXpsrRcrd/UndrlygXpsrData/ResdtlRealEsttLn/PrfrmgLn/UndrlygXpsrCmonData/PrfrmncDtls/DfltDtls/Ltgtn,Ltgtn,,one_per_loan,,value_or_nodata,Document/ScrtstnNonAsstBckdComrclPprUndrlygXpsrRpt/NewCrrctn/ScrtstnRpt/UndrlygXpsrRcrd/UndrlygXpsrData/ResdtlRealEsttLn/PrfrmgLn/UndrlygXpsrCmonData/PrfrmncDtls/DfltDtls/Ltgtn/NoDataOptn/NoData,inferred_high_confidence,workbook_xsd_validated,workbook+xsd_validated,"ESMA mapping workbook path, re-validated against the XSD tree (residential/performing branch). High-confidence corroboration — NOT promoted to confirmed pending final-XSD sign-off.",True,False,True,pending_delivery_certification,False,manual_review
RREL76,recourse,RREL,exposure,Document/ScrtstnNonAsstBckdComrclPprUndrlygXpsrRpt/NewCrrctn/ScrtstnRpt/UndrlygXpsrRcrd/UndrlygXpsrData/ResdtlRealEsttLn/PrfrmgLn/UndrlygXpsrCmonData/RskDtls/Rcrs,Rcrs,,one_per_loan,,value_or_nodata,Document/ScrtstnNonAsstBckdComrclPprUndrlygXpsrRpt/NewCrrctn/ScrtstnRpt/UndrlygXpsrRcrd/UndrlygXpsrData/ResdtlRealEsttLn/PrfrmgLn/UndrlygXpsrCmonData/RskDtls/Rcrs/NoDataOptn/NoData,inferred_high_confidence,workbook_xsd_validated,workbook+xsd_validated,"ESMA mapping workbook path, re-validated against the XSD tree (residential/performing branch). High-confidence corroboration — NOT promoted to confirmed pending final-XSD sign-off.",True,False,True,pending_delivery_certification,False,manual_review
RREL77,deposit_amount,RREL,exposure,Document/ScrtstnNonAsstBckdComrclPprUndrlygXpsrRpt/NewCrrctn/ScrtstnRpt/UndrlygXpsrRcrd/UndrlygXpsrData/ResdtlRealEsttLn/PrfrmgLn/UndrlygXpsrCmonData/RskDtls/Dpst,Dpst,,one_per_loan,,value_or_nodata,Document/ScrtstnNonAsstBckdComrclPprUndrlygXpsrRpt/NewCrrctn/ScrtstnRpt/UndrlygXpsrRcrd/UndrlygXpsrData/ResdtlRealEsttLn/PrfrmgLn/UndrlygXpsrCmonData/RskDtls/Dpst/NoDataOptn/NoData,inferred_high_confidence,workbook_xsd_validated,workbook+xsd_validated,"ESMA mapping workbook path, re-validated against the XSD tree (residential/performing branch). High-confidence corroboration — NOT promoted to confirmed pending final-XSD sign-off.",True,False,True,pending_delivery_certification,False,manual_review
RREL78,insurance_or_investment_provider,RREL,exposure,Document/ScrtstnNonAsstBckdComrclPprUndrlygXpsrRpt/NewCrrctn/ScrtstnRpt/UndrlygXpsrRcrd/UndrlygXpsrData/ResdtlRealEsttLn/PrfrmgLn/UndrlygXpsrCmonData/RskDtls/InsrncOrInvstmtPrvdr,InsrncOrInvstmtPrvdr,,one_per_loan,,value_or_nodata,Document/ScrtstnNonAsstBckdComrclPprUndrlygXpsrRpt/NewCrrctn/ScrtstnRpt/UndrlygXpsrRcrd/UndrlygXpsrData/ResdtlRealEsttLn/PrfrmgLn/UndrlygXpsrCmonData/RskDtls/InsrncOrInvstmtPrvdr/NoDataOptn/NoData,inferred_high_confidence,workbook_xsd_validated,workbook+xsd_validated,"ESMA mapping workbook path, re-validated against the XSD tree (residential/performing branch). High-confidence corroboration — NOT promoted to confirmed pending final-XSD sign-off.",True,False,True,pending_delivery_certification,False,manual_review
RREL79,original_lender_name,RREL,exposure,Document/ScrtstnNonAsstBckdComrclPprUndrlygXpsrRpt/NewCrrctn/ScrtstnRpt/UndrlygXpsrRcrd/UndrlygXpsrData/ResdtlRealEsttLn/PrfrmgLn/UndrlygXpsrCmonData/InstnlDtls/OrgnlLndr/Nm,Nm,,one_per_loan,,value_or_nodata,Document/ScrtstnNonAsstBckdComrclPprUndrlygXpsrRpt/NewCrrctn/ScrtstnRpt/UndrlygXpsrRcrd/UndrlygXpsrData/ResdtlRealEsttLn/PrfrmgLn/UndrlygXpsrCmonData/InstnlDtls/OrgnlLndr/Nm/NoDataOptn/NoData,inferred_high_confidence,workbook_xsd_validated,workbook+xsd_validated,"ESMA mapping workbook path, re-validated against the XSD tree (residential/performing branch). High-confidence corroboration — NOT promoted to confirmed pending final-XSD sign-off.",True,False,True,pending_delivery_certification,False,manual_review
RREL80,original_lender_legal_entity_identifier,RREL,exposure,Document/ScrtstnNonAsstBckdComrclPprUndrlygXpsrRpt/NewCrrctn/ScrtstnRpt/UndrlygXpsrRcrd/UndrlygXpsrData/ResdtlRealEsttLn/PrfrmgLn/UndrlygXpsrCmonData/InstnlDtls/OrgnlLndr/LEICd,LEICd,,one_per_loan,,value_or_nodata,Document/ScrtstnNonAsstBckdComrclPprUndrlygXpsrRpt/NewCrrctn/ScrtstnRpt/UndrlygXpsrRcrd/UndrlygXpsrData/ResdtlRealEsttLn/PrfrmgLn/UndrlygXpsrCmonData/InstnlDtls/OrgnlLndr/LEICd/NoDataOptn/NoData,inferred_high_confidence,workbook_xsd_validated,workbook+xsd_validated,"ESMA mapping workbook path, re-validated against the XSD tree (residential/performing branch). High-confidence corroboration — NOT promoted to confirmed pending final-XSD sign-off.",True,False,True,pending_delivery_certification,False,manual_review
RREL81,original_lender_establishment_country,RREL,exposure,Document/ScrtstnNonAsstBckdComrclPprUndrlygXpsrRpt/NewCrrctn/ScrtstnRpt/UndrlygXpsrRcrd/UndrlygXpsrData/ResdtlRealEsttLn/PrfrmgLn/UndrlygXpsrCmonData/InstnlDtls/OrgnlLndr/CtryOfDmcl,CtryOfDmcl,,one_per_loan,,value_or_nodata,Document/ScrtstnNonAsstBckdComrclPprUndrlygXpsrRpt/NewCrrctn/ScrtstnRpt/UndrlygXpsrRcrd/UndrlygXpsrData/ResdtlRealEsttLn/PrfrmgLn/UndrlygXpsrCmonData/InstnlDtls/OrgnlLndr/CtryOfDmcl/NoDataOptn/NoData,inferred_high_confidence,workbook_xsd_validated,workbook+xsd_validated,"ESMA mapping workbook path, re-validated against the XSD tree (residential/performing branch). High-confidence corroboration — NOT promoted to confirmed pending final-XSD sign-off.",True,False,True,pending_delivery_certification,False,manual_review
RREL82,originator_name,RREL,exposure,Document/ScrtstnNonAsstBckdComrclPprUndrlygXpsrRpt/NewCrrctn/ScrtstnRpt/UndrlygXpsrRcrd/UndrlygXpsrData/ResdtlRealEsttLn/PrfrmgLn/UndrlygXpsrCmonData/InstnlDtls/Orgtr/Nm,Nm,,one_per_loan,,value,,inferred_high_confidence,workbook_xsd_validated,workbook+xsd_validated,"ESMA mapping workbook path, re-validated against the XSD tree (residential/performing branch). High-confidence corroboration — NOT promoted to confirmed pending final-XSD sign-off.",True,False,True,pending_delivery_certification,False,manual_review
RREL83,originator_legal_entity_identifier,RREL,exposure,,,,one_per_loan,,unknown,,unresolved,manual_review_required,manual_review,workbook_semantic 'OrgntrId/LEICd' uses workbook (non-XSD) naming with no close XSD element in the residential branch; needs manual XSD review,True,False,False,pending_delivery_certification,False,manual_review
RREL84,originator_establishment_country,RREL,exposure,Document/ScrtstnNonAsstBckdComrclPprUndrlygXpsrRpt/NewCrrctn/ScrtstnRpt/UndrlygXpsrRcrd/UndrlygXpsrData/ResdtlRealEsttLn/PrfrmgLn/UndrlygXpsrCmonData/InstnlDtls/Orgtr/CtryOfDmcl,CtryOfDmcl,,one_per_loan,,value,,inferred_high_confidence,workbook_xsd_validated,workbook+xsd_validated,"ESMA mapping workbook path, re-validated against the XSD tree (residential/performing branch). High-confidence corroboration — NOT promoted to confirmed pending final-XSD sign-off.",True,False,True,pending_delivery_certification,False,manual_review
