esma_code,canonical_field,legacy_gate5_xml_path_or_tag,new_xsd_path_map_xml_path,legacy_assumption,xsd_evidence,status,recommended_action,risk_level,notes
RREC1,unique_identifier,Document/ScrtstnNonAsstBckdComrclPprUndrlygXpsrRpt/NewCrrctn/ScrtstnRpt/ScrtstnIdr,,workbook PATH -> <ScrtstnIdr>; legacy reads full path incl. leaf; wide one-row-per-loan; singleton Coll (no repeating collateral),legacy path validates against XSD tree,legacy_path_conflicts_with_xsd,DISCARD legacy placement: collateral code mapped outside Coll via a multi-code-cell; XSD requires it nested under .../PrfrmgLn/Coll,high,multi-code-cell pollution (shared RTS-code cell) — XSD wins; keep unresolved
RREC2,underlying_exposure_identifier,Document/ScrtstnNonAsstBckdComrclPprUndrlygXpsrRpt/NewCrrctn/ScrtstnRpt/UndrlygXpsrRcrd/UndrlygXpsrId/NewUndrlygXpsrIdr,,workbook PATH -> <NewUndrlygXpsrIdr>; legacy reads full path incl. leaf; wide one-row-per-loan; singleton Coll (no repeating collateral),legacy path validates against XSD tree,legacy_path_conflicts_with_xsd,DISCARD legacy placement: collateral code mapped outside Coll via a multi-code-cell; XSD requires it nested under .../PrfrmgLn/Coll,high,multi-code-cell pollution (shared RTS-code cell) — XSD wins; keep unresolved
RREC3,original_collateral_identifier,Document/ScrtstnNonAsstBckdComrclPprUndrlygXpsrRpt/NewCrrctn/ScrtstnRpt/UndrlygXpsrRcrd/UndrlygXpsrData/ResdtlRealEsttLn/PrfrmgLn/Coll/CollIdr/OrgnlIdr,Document/ScrtstnNonAsstBckdComrclPprUndrlygXpsrRpt/NewCrrctn/ScrtstnRpt/UndrlygXpsrRcrd/UndrlygXpsrData/ResdtlRealEsttLn/PrfrmgLn/Coll/CollIdr/OrgnlIdr,workbook PATH -> <OrgnlIdr>; legacy reads full path incl. leaf; wide one-row-per-loan; singleton Coll (no repeating collateral),legacy path validates against XSD tree,matches_xsd,retained: workbook path matches the XSD path map,low,workbook + XSD agree
RREC4,new_collateral_identifier,Document/ScrtstnNonAsstBckdComrclPprUndrlygXpsrRpt/NewCrrctn/ScrtstnRpt/UndrlygXpsrRcrd/UndrlygXpsrData/ResdtlRealEsttLn/PrfrmgLn/Coll/CollIdr/NewIdr,Document/ScrtstnNonAsstBckdComrclPprUndrlygXpsrRpt/NewCrrctn/ScrtstnRpt/UndrlygXpsrRcrd/UndrlygXpsrData/ResdtlRealEsttLn/PrfrmgLn/Coll/CollIdr/NewIdr,workbook PATH -> <NewIdr>; legacy reads full path incl. leaf; wide one-row-per-loan; singleton Coll (no repeating collateral),legacy path validates against XSD tree,matches_xsd,retained: workbook path matches the XSD path map,low,workbook + XSD agree
RREC5,collateral_type,Document/ScrtstnNonAsstBckdComrclPprUndrlygXpsrRpt/NewCrrctn/ScrtstnRpt/UndrlygXpsrRcrd/UndrlygXpsrData/ResdtlRealEsttLn/PrfrmgLn/Coll/CollCmonData/Dtls/CmonData/CollTp,Document/ScrtstnNonAsstBckdComrclPprUndrlygXpsrRpt/NewCrrctn/ScrtstnRpt/UndrlygXpsrRcrd/UndrlygXpsrData/ResdtlRealEsttLn/PrfrmgLn/Coll/CollCmonData/Dtls/CmonData/CollTp,workbook PATH -> <CollTp>; legacy reads full path incl. leaf; wide one-row-per-loan; singleton Coll (no repeating collateral),legacy path validates against XSD tree,matches_xsd,retained: workbook path matches the XSD path map,low,workbook + XSD agree
RREC6,geographic_region_collateral,Document/ScrtstnNonAsstBckdComrclPprUndrlygXpsrRpt/NewCrrctn/ScrtstnRpt/UndrlygXpsrRcrd/UndrlygXpsrData/ResdtlRealEsttLn/PrfrmgLn/Coll/CollCmonData/Dtls/CmonData/TrtrlUnitClssfctn,Document/ScrtstnNonAsstBckdComrclPprUndrlygXpsrRpt/NewCrrctn/ScrtstnRpt/UndrlygXpsrRcrd/UndrlygXpsrData/ResdtlRealEsttLn/PrfrmgLn/Coll/CollCmonData/Dtls/CmonData/TrtrlUnitClssfctn,workbook PATH -> <TrtrlUnitClssfctn>; legacy reads full path incl. leaf; wide one-row-per-loan; singleton Coll (no repeating collateral),legacy path validates against XSD tree,matches_xsd,retained: workbook path matches the XSD path map,low,workbook + XSD agree
RREC7,occupancy,Document/ScrtstnNonAsstBckdComrclPprUndrlygXpsrRpt/NewCrrctn/ScrtstnRpt/UndrlygXpsrRcrd/UndrlygXpsrData/ResdtlRealEsttLn/PrfrmgLn/Coll/CollCmonData/Dtls/OccpncyTp,Document/ScrtstnNonAsstBckdComrclPprUndrlygXpsrRpt/NewCrrctn/ScrtstnRpt/UndrlygXpsrRcrd/UndrlygXpsrData/ResdtlRealEsttLn/PrfrmgLn/Coll/CollCmonData/Dtls/OccpncyTp,workbook PATH -> <OccpncyTp>; legacy reads full path incl. leaf; wide one-row-per-loan; singleton Coll (no repeating collateral),legacy path validates against XSD tree,matches_xsd,retained: workbook path matches the XSD path map,low,workbook + XSD agree
RREC8,lien,Document/ScrtstnNonAsstBckdComrclPprUndrlygXpsrRpt/NewCrrctn/ScrtstnRpt/UndrlygXpsrRcrd/UndrlygXpsrData/ResdtlRealEsttLn/PrfrmgLn/Coll/CollCmonData/Dtls/CmonData/LienVal,Document/ScrtstnNonAsstBckdComrclPprUndrlygXpsrRpt/NewCrrctn/ScrtstnRpt/UndrlygXpsrRcrd/UndrlygXpsrData/ResdtlRealEsttLn/PrfrmgLn/Coll/CollCmonData/Dtls/CmonData/LienVal,workbook PATH -> <LienVal>; legacy reads full path incl. leaf; wide one-row-per-loan; singleton Coll (no repeating collateral),legacy path validates against XSD tree,matches_xsd,retained: workbook path matches the XSD path map,low,workbook + XSD agree
RREC9,property_type,Document/ScrtstnNonAsstBckdComrclPprUndrlygXpsrRpt/NewCrrctn/ScrtstnRpt/UndrlygXpsrRcrd/UndrlygXpsrData/ResdtlRealEsttLn/PrfrmgLn/Coll/CollCmonData/Dtls/PrprtyTp,Document/ScrtstnNonAsstBckdComrclPprUndrlygXpsrRpt/NewCrrctn/ScrtstnRpt/UndrlygXpsrRcrd/UndrlygXpsrData/ResdtlRealEsttLn/PrfrmgLn/Coll/CollCmonData/Dtls/PrprtyTp,workbook PATH -> <PrprtyTp>; legacy reads full path incl. leaf; wide one-row-per-loan; singleton Coll (no repeating collateral),legacy path validates against XSD tree,matches_xsd,retained: workbook path matches the XSD path map,low,workbook + XSD agree
RREC10,energy_performance_certificate_value,Document/ScrtstnNonAsstBckdComrclPprUndrlygXpsrRpt/NewCrrctn/ScrtstnRpt/UndrlygXpsrRcrd/UndrlygXpsrData/ResdtlRealEsttLn/PrfrmgLn/Coll/CollCmonData/Dtls/NrgyPrfrmncCertVal,Document/ScrtstnNonAsstBckdComrclPprUndrlygXpsrRpt/NewCrrctn/ScrtstnRpt/UndrlygXpsrRcrd/UndrlygXpsrData/ResdtlRealEsttLn/PrfrmgLn/Coll/CollCmonData/Dtls/NrgyPrfrmncCertVal,workbook PATH -> <NrgyPrfrmncCertVal>; legacy reads full path incl. leaf; wide one-row-per-loan; singleton Coll (no repeating collateral),legacy path validates against XSD tree,matches_xsd,retained: workbook path matches the XSD path map,low,workbook + XSD agree
RREC11,energy_performance_certificate_provider_name,Document/ScrtstnNonAsstBckdComrclPprUndrlygXpsrRpt/NewCrrctn/ScrtstnRpt/UndrlygXpsrRcrd/UndrlygXpsrData/ResdtlRealEsttLn/PrfrmgLn/Coll/CollCmonData/Dtls/NrgyPrfrmncCertPrvdrNm,Document/ScrtstnNonAsstBckdComrclPprUndrlygXpsrRpt/NewCrrctn/ScrtstnRpt/UndrlygXpsrRcrd/UndrlygXpsrData/ResdtlRealEsttLn/PrfrmgLn/Coll/CollCmonData/Dtls/NrgyPrfrmncCertPrvdrNm,workbook PATH -> <NrgyPrfrmncCertPrvdrNm>; legacy reads full path incl. leaf; wide one-row-per-loan; singleton Coll (no repeating collateral),legacy path validates against XSD tree,matches_xsd,retained: workbook path matches the XSD path map,low,workbook + XSD agree
RREC12,current_loan_to_value,Document/ScrtstnNonAsstBckdComrclPprUndrlygXpsrRpt/NewCrrctn/ScrtstnRpt/UndrlygXpsrRcrd/UndrlygXpsrData/ResdtlRealEsttLn/PrfrmgLn/Coll/CollCmonData/Valtn/CurInf/LnToVal,Document/ScrtstnNonAsstBckdComrclPprUndrlygXpsrRpt/NewCrrctn/ScrtstnRpt/UndrlygXpsrRcrd/UndrlygXpsrData/ResdtlRealEsttLn/PrfrmgLn/Coll/CollCmonData/Valtn/CurInf/LnToVal,workbook PATH -> <LnToVal>; legacy reads full path incl. leaf; wide one-row-per-loan; singleton Coll (no repeating collateral),legacy path validates against XSD tree,matches_xsd,retained: workbook path matches the XSD path map,low,workbook + XSD agree
RREC13,current_valuation_amount,Document/ScrtstnNonAsstBckdComrclPprUndrlygXpsrRpt/NewCrrctn/ScrtstnRpt/UndrlygXpsrRcrd/UndrlygXpsrData/ResdtlRealEsttLn/PrfrmgLn/Coll/CollCmonData/Valtn/CurInf/ValtnAmt,Document/ScrtstnNonAsstBckdComrclPprUndrlygXpsrRpt/NewCrrctn/ScrtstnRpt/UndrlygXpsrRcrd/UndrlygXpsrData/ResdtlRealEsttLn/PrfrmgLn/Coll/CollCmonData/Valtn/CurInf/ValtnAmt,workbook PATH -> <ValtnAmt>; legacy reads full path incl. leaf; wide one-row-per-loan; singleton Coll (no repeating collateral),legacy path validates against XSD tree,matches_xsd,retained: workbook path matches the XSD path map,low,workbook + XSD agree
RREC14,current_valuation_method,Document/ScrtstnNonAsstBckdComrclPprUndrlygXpsrRpt/NewCrrctn/ScrtstnRpt/UndrlygXpsrRcrd/UndrlygXpsrData/ResdtlRealEsttLn/PrfrmgLn/Coll/CollCmonData/Valtn/CurInf/ValtnMtd,Document/ScrtstnNonAsstBckdComrclPprUndrlygXpsrRpt/NewCrrctn/ScrtstnRpt/UndrlygXpsrRcrd/UndrlygXpsrData/ResdtlRealEsttLn/PrfrmgLn/Coll/CollCmonData/Valtn/CurInf/ValtnMtd,workbook PATH -> <ValtnMtd>; legacy reads full path incl. leaf; wide one-row-per-loan; singleton Coll (no repeating collateral),legacy path validates against XSD tree,matches_xsd,retained: workbook path matches the XSD path map,low,workbook + XSD agree
RREC15,current_valuation_date,Document/ScrtstnNonAsstBckdComrclPprUndrlygXpsrRpt/NewCrrctn/ScrtstnRpt/UndrlygXpsrRcrd/UndrlygXpsrData/ResdtlRealEsttLn/PrfrmgLn/Coll/CollCmonData/Valtn/CurInf/ValtnDt,Document/ScrtstnNonAsstBckdComrclPprUndrlygXpsrRpt/NewCrrctn/ScrtstnRpt/UndrlygXpsrRcrd/UndrlygXpsrData/ResdtlRealEsttLn/PrfrmgLn/Coll/CollCmonData/Valtn/CurInf/ValtnDt,workbook PATH -> <ValtnDt>; legacy reads full path incl. leaf; wide one-row-per-loan; singleton Coll (no repeating collateral),legacy path validates against XSD tree,matches_xsd,retained: workbook path matches the XSD path map,low,workbook + XSD agree
RREC16,original_loan_to_value,Document/ScrtstnNonAsstBckdComrclPprUndrlygXpsrRpt/NewCrrctn/ScrtstnRpt/UndrlygXpsrRcrd/UndrlygXpsrData/ResdtlRealEsttLn/PrfrmgLn/Coll/CollCmonData/Valtn/InfAtOrgtn/LnToVal,Document/ScrtstnNonAsstBckdComrclPprUndrlygXpsrRpt/NewCrrctn/ScrtstnRpt/UndrlygXpsrRcrd/UndrlygXpsrData/ResdtlRealEsttLn/PrfrmgLn/Coll/CollCmonData/Valtn/InfAtOrgtn/LnToVal,workbook PATH -> <LnToVal>; legacy reads full path incl. leaf; wide one-row-per-loan; singleton Coll (no repeating collateral),legacy path validates against XSD tree,matches_xsd,retained: workbook path matches the XSD path map,low,workbook + XSD agree
RREC17,original_valuation_amount,Document/ScrtstnNonAsstBckdComrclPprUndrlygXpsrRpt/NewCrrctn/ScrtstnRpt/UndrlygXpsrRcrd/UndrlygXpsrData/ResdtlRealEsttLn/PrfrmgLn/Coll/CollCmonData/Valtn/InfAtOrgtn/ValtnAmt,Document/ScrtstnNonAsstBckdComrclPprUndrlygXpsrRpt/NewCrrctn/ScrtstnRpt/UndrlygXpsrRcrd/UndrlygXpsrData/ResdtlRealEsttLn/PrfrmgLn/Coll/CollCmonData/Valtn/InfAtOrgtn/ValtnAmt,workbook PATH -> <ValtnAmt>; legacy reads full path incl. leaf; wide one-row-per-loan; singleton Coll (no repeating collateral),legacy path validates against XSD tree,matches_xsd,retained: workbook path matches the XSD path map,low,workbook + XSD agree
RREC18,original_valuation_method,Document/ScrtstnNonAsstBckdComrclPprUndrlygXpsrRpt/NewCrrctn/ScrtstnRpt/UndrlygXpsrRcrd/UndrlygXpsrData/ResdtlRealEsttLn/PrfrmgLn/Coll/CollCmonData/Valtn/InfAtOrgtn/ValtnMtd,Document/ScrtstnNonAsstBckdComrclPprUndrlygXpsrRpt/NewCrrctn/ScrtstnRpt/UndrlygXpsrRcrd/UndrlygXpsrData/ResdtlRealEsttLn/PrfrmgLn/Coll/CollCmonData/Valtn/InfAtOrgtn/ValtnMtd,workbook PATH -> <ValtnMtd>; legacy reads full path incl. leaf; wide one-row-per-loan; singleton Coll (no repeating collateral),legacy path validates against XSD tree,matches_xsd,retained: workbook path matches the XSD path map,low,workbook + XSD agree
RREC19,original_valuation_date,Document/ScrtstnNonAsstBckdComrclPprUndrlygXpsrRpt/NewCrrctn/ScrtstnRpt/UndrlygXpsrRcrd/UndrlygXpsrData/ResdtlRealEsttLn/PrfrmgLn/Coll/CollCmonData/Valtn/InfAtOrgtn/ValtnDt,Document/ScrtstnNonAsstBckdComrclPprUndrlygXpsrRpt/NewCrrctn/ScrtstnRpt/UndrlygXpsrRcrd/UndrlygXpsrData/ResdtlRealEsttLn/PrfrmgLn/Coll/CollCmonData/Valtn/InfAtOrgtn/ValtnDt,workbook PATH -> <ValtnDt>; legacy reads full path incl. leaf; wide one-row-per-loan; singleton Coll (no repeating collateral),legacy path validates against XSD tree,matches_xsd,retained: workbook path matches the XSD path map,low,workbook + XSD agree
RREC20,date_of_sale,Document/ScrtstnNonAsstBckdComrclPprUndrlygXpsrRpt/NewCrrctn/ScrtstnRpt/UndrlygXpsrRcrd/UndrlygXpsrData/ResdtlRealEsttLn/PrfrmgLn/Coll/CollCmonData/Nfrcmnt/SaleDt,Document/ScrtstnNonAsstBckdComrclPprUndrlygXpsrRpt/NewCrrctn/ScrtstnRpt/UndrlygXpsrRcrd/UndrlygXpsrData/ResdtlRealEsttLn/PrfrmgLn/Coll/CollCmonData/Nfrcmnt/SaleDt,workbook PATH -> <SaleDt>; legacy reads full path incl. leaf; wide one-row-per-loan; singleton Coll (no repeating collateral),legacy path validates against XSD tree,matches_xsd,retained: workbook path matches the XSD path map,low,workbook + XSD agree
RREC21,sale_price,Document/ScrtstnNonAsstBckdComrclPprUndrlygXpsrRpt/NewCrrctn/ScrtstnRpt/UndrlygXpsrRcrd/UndrlygXpsrData/ResdtlRealEsttLn/PrfrmgLn/Coll/CollCmonData/Nfrcmnt/SalePric,Document/ScrtstnNonAsstBckdComrclPprUndrlygXpsrRpt/NewCrrctn/ScrtstnRpt/UndrlygXpsrRcrd/UndrlygXpsrData/ResdtlRealEsttLn/PrfrmgLn/Coll/CollCmonData/Nfrcmnt/SalePric,workbook PATH -> <SalePric>; legacy reads full path incl. leaf; wide one-row-per-loan; singleton Coll (no repeating collateral),legacy path validates against XSD tree,matches_xsd,retained: workbook path matches the XSD path map,low,workbook + XSD agree
RREC22,collateral_currency,,,code not present in the workbook RRE/PRF branch,n/a,not_used_by_legacy_builder,map manually from XSD/sample,low,legacy builder would not emit this field for residential performing
RREC23,guarantor_type,Document/ScrtstnNonAsstBckdComrclPprUndrlygXpsrRpt/NewCrrctn/ScrtstnRpt/UndrlygXpsrRcrd/UndrlygXpsrData/ResdtlRealEsttLn/PrfrmgLn/Coll/CollCmonData/Dtls/GuarntrTp,Document/ScrtstnNonAsstBckdComrclPprUndrlygXpsrRpt/NewCrrctn/ScrtstnRpt/UndrlygXpsrRcrd/UndrlygXpsrData/ResdtlRealEsttLn/PrfrmgLn/Coll/CollCmonData/Dtls/GuarntrTp,workbook PATH -> <GuarntrTp>; legacy reads full path incl. leaf; wide one-row-per-loan; singleton Coll (no repeating collateral),legacy path validates against XSD tree,matches_xsd,retained: workbook path matches the XSD path map,low,workbook + XSD agree
RREL1,unique_identifier,Document/ScrtstnNonAsstBckdComrclPprUndrlygXpsrRpt/NewCrrctn/ScrtstnRpt/ScrtstnIdr,Document/ScrtstnNonAsstBckdComrclPprUndrlygXpsrRpt/NewCrrctn/ScrtstnRpt/ScrtstnIdr,workbook PATH -> <ScrtstnIdr>; legacy reads full path incl. leaf; wide one-row-per-loan; singleton Coll (no repeating collateral),legacy path validates against XSD tree,matches_xsd,retained: workbook path matches the XSD path map,low,workbook + XSD agree
RREL2,original_underlying_exposure_identifier,Document/ScrtstnNonAsstBckdComrclPprUndrlygXpsrRpt/NewCrrctn/ScrtstnRpt/UndrlygXpsrRcrd/UndrlygXpsrId/OrgnlUndrlygXpsrIdr,Document/ScrtstnNonAsstBckdComrclPprUndrlygXpsrRpt/NewCrrctn/ScrtstnRpt/UndrlygXpsrRcrd/UndrlygXpsrId/OrgnlUndrlygXpsrIdr,workbook PATH -> <OrgnlUndrlygXpsrIdr>; legacy reads full path incl. leaf; wide one-row-per-loan; singleton Coll (no repeating collateral),legacy path validates against XSD tree,matches_xsd,retained: workbook path matches the XSD path map,low,workbook + XSD agree
RREL3,new_underlying_exposure_identifier,Document/ScrtstnNonAsstBckdComrclPprUndrlygXpsrRpt/NewCrrctn/ScrtstnRpt/UndrlygXpsrRcrd/UndrlygXpsrId/NewUndrlygXpsrIdr,Document/ScrtstnNonAsstBckdComrclPprUndrlygXpsrRpt/NewCrrctn/ScrtstnRpt/UndrlygXpsrRcrd/UndrlygXpsrId/NewUndrlygXpsrIdr,workbook PATH -> <NewUndrlygXpsrIdr>; legacy reads full path incl. leaf; wide one-row-per-loan; singleton Coll (no repeating collateral),legacy path validates against XSD tree,matches_xsd,retained: workbook path matches the XSD path map,low,workbook + XSD agree
RREL4,original_obligor_identifier,Document/ScrtstnNonAsstBckdComrclPprUndrlygXpsrRpt/NewCrrctn/ScrtstnRpt/UndrlygXpsrRcrd/UndrlygXpsrId/OrgnlOblgrIdr,Document/ScrtstnNonAsstBckdComrclPprUndrlygXpsrRpt/NewCrrctn/ScrtstnRpt/UndrlygXpsrRcrd/UndrlygXpsrId/OrgnlOblgrIdr,workbook PATH -> <OrgnlOblgrIdr>; legacy reads full path incl. leaf; wide one-row-per-loan; singleton Coll (no repeating collateral),legacy path validates against XSD tree,matches_xsd,retained: workbook path matches the XSD path map,low,workbook + XSD agree
RREL5,new_obligor_identifier,Document/ScrtstnNonAsstBckdComrclPprUndrlygXpsrRpt/NewCrrctn/ScrtstnRpt/UndrlygXpsrRcrd/UndrlygXpsrId/NewOblgrIdr,Document/ScrtstnNonAsstBckdComrclPprUndrlygXpsrRpt/NewCrrctn/ScrtstnRpt/UndrlygXpsrRcrd/UndrlygXpsrId/NewOblgrIdr,workbook PATH -> <NewOblgrIdr>; legacy reads full path incl. leaf; wide one-row-per-loan; singleton Coll (no repeating collateral),legacy path validates against XSD tree,matches_xsd,retained: workbook path matches the XSD path map,low,workbook + XSD agree
RREL6,data_cut_off_date,Document/ScrtstnNonAsstBckdComrclPprUndrlygXpsrRpt/NewCrrctn/ScrtstnRpt/CutOffDt,Document/ScrtstnNonAsstBckdComrclPprUndrlygXpsrRpt/NewCrrctn/ScrtstnRpt/CutOffDt,workbook PATH -> <CutOffDt>; legacy reads full path incl. leaf; wide one-row-per-loan; singleton Coll (no repeating collateral),legacy path validates against XSD tree,matches_xsd,retained: workbook path matches the XSD path map,low,workbook + XSD agree
RREL7,pool_addition_date,Document/ScrtstnNonAsstBckdComrclPprUndrlygXpsrRpt/NewCrrctn/ScrtstnRpt/UndrlygXpsrRcrd/UndrlygXpsrData/ResdtlRealEsttLn/PrfrmgLn/UndrlygXpsrCmonData/ActvtyDtDtls/PoolAddtnDt,Document/ScrtstnNonAsstBckdComrclPprUndrlygXpsrRpt/NewCrrctn/ScrtstnRpt/UndrlygXpsrRcrd/UndrlygXpsrData/ResdtlRealEsttLn/PrfrmgLn/UndrlygXpsrCmonData/ActvtyDtDtls/PoolAddtnDt,workbook PATH -> <PoolAddtnDt>; legacy reads full path incl. leaf; wide one-row-per-loan; singleton Coll (no repeating collateral),legacy path validates against XSD tree,matches_xsd,retained: workbook path matches the XSD path map,low,workbook + XSD agree
RREL8,date_of_repurchase,Document/ScrtstnNonAsstBckdComrclPprUndrlygXpsrRpt/NewCrrctn/ScrtstnRpt/UndrlygXpsrRcrd/UndrlygXpsrData/ResdtlRealEsttLn/PrfrmgLn/UndrlygXpsrCmonData/ActvtyDtDtls/RpDt,Document/ScrtstnNonAsstBckdComrclPprUndrlygXpsrRpt/NewCrrctn/ScrtstnRpt/UndrlygXpsrRcrd/UndrlygXpsrData/ResdtlRealEsttLn/PrfrmgLn/UndrlygXpsrCmonData/ActvtyDtDtls/RpDt,workbook PATH -> <RpDt>; legacy reads full path incl. leaf; wide one-row-per-loan; singleton Coll (no repeating collateral),legacy path validates against XSD tree,matches_xsd,retained: workbook path matches the XSD path map,low,workbook + XSD agree
RREL9,redemption_date,Document/ScrtstnNonAsstBckdComrclPprUndrlygXpsrRpt/NewCrrctn/ScrtstnRpt/UndrlygXpsrRcrd/UndrlygXpsrData/ResdtlRealEsttLn/PrfrmgLn/UndrlygXpsrCmonData/PrfrmncDtls/GnlAttrbts/RedDt,Document/ScrtstnNonAsstBckdComrclPprUndrlygXpsrRpt/NewCrrctn/ScrtstnRpt/UndrlygXpsrRcrd/UndrlygXpsrData/ResdtlRealEsttLn/PrfrmgLn/UndrlygXpsrCmonData/PrfrmncDtls/GnlAttrbts/RedDt,workbook PATH -> <RedDt>; legacy reads full path incl. leaf; wide one-row-per-loan; singleton Coll (no repeating collateral),legacy path validates against XSD tree,matches_xsd,retained: workbook path matches the XSD path map,low,workbook + XSD agree
RREL10,resident,Document/ScrtstnNonAsstBckdComrclPprUndrlygXpsrRpt/NewCrrctn/ScrtstnRpt/UndrlygXpsrRcrd/UndrlygXpsrData/ResdtlRealEsttLn/PrfrmgLn/UndrlygXpsrCmonData/OblgrDtls/Resdt,Document/ScrtstnNonAsstBckdComrclPprUndrlygXpsrRpt/NewCrrctn/ScrtstnRpt/UndrlygXpsrRcrd/UndrlygXpsrData/ResdtlRealEsttLn/PrfrmgLn/UndrlygXpsrCmonData/OblgrDtls/Resdt,workbook PATH -> <Resdt>; legacy reads full path incl. leaf; wide one-row-per-loan; singleton Coll (no repeating collateral),legacy path validates against XSD tree,matches_xsd,retained: workbook path matches the XSD path map,low,workbook + XSD agree
RREL11,geographic_region_obligor,Document/ScrtstnNonAsstBckdComrclPprUndrlygXpsrRpt/NewCrrctn/ScrtstnRpt/UndrlygXpsrRcrd/UndrlygXpsrData/ResdtlRealEsttLn/PrfrmgLn/UndrlygXpsrCmonData/OblgrDtls/TrtrlUnit/Clssfctn,Document/ScrtstnNonAsstBckdComrclPprUndrlygXpsrRpt/NewCrrctn/ScrtstnRpt/UndrlygXpsrRcrd/UndrlygXpsrData/ResdtlRealEsttLn/PrfrmgLn/UndrlygXpsrCmonData/OblgrDtls/TrtrlUnit/Clssfctn,workbook PATH -> <Clssfctn>; legacy reads full path incl. leaf; wide one-row-per-loan; singleton Coll (no repeating collateral),legacy path validates against XSD tree,matches_xsd,retained: workbook path matches the XSD path map,low,workbook + XSD agree
RREL12,geographic_region_classification,Document/ScrtstnNonAsstBckdComrclPprUndrlygXpsrRpt/NewCrrctn/ScrtstnRpt/UndrlygXpsrRcrd/UndrlygXpsrData/ResdtlRealEsttLn/PrfrmgLn/UndrlygXpsrCmonData/OblgrDtls/TrtrlUnit/ClssfctnYr,Document/ScrtstnNonAsstBckdComrclPprUndrlygXpsrRpt/NewCrrctn/ScrtstnRpt/UndrlygXpsrRcrd/UndrlygXpsrData/ResdtlRealEsttLn/PrfrmgLn/UndrlygXpsrCmonData/OblgrDtls/TrtrlUnit/ClssfctnYr,workbook PATH -> <ClssfctnYr>; legacy reads full path incl. leaf; wide one-row-per-loan; singleton Coll (no repeating collateral),legacy path validates against XSD tree,legacy_default_injection_risk,RETIRE coercion: legacy fabricates a value (e.g. RREL12 -> '2026'); never fabricate,high,legacy _coerce_record_value_for_branch injects a fabricated value
RREL13,employment_status,Document/ScrtstnNonAsstBckdComrclPprUndrlygXpsrRpt/NewCrrctn/ScrtstnRpt/UndrlygXpsrRcrd/UndrlygXpsrData/ResdtlRealEsttLn/PrfrmgLn/UndrlygXpsrCmonData/OblgrDtls/AddtlCmonData/MplyntSts,Document/ScrtstnNonAsstBckdComrclPprUndrlygXpsrRpt/NewCrrctn/ScrtstnRpt/UndrlygXpsrRcrd/UndrlygXpsrData/ResdtlRealEsttLn/PrfrmgLn/UndrlygXpsrCmonData/OblgrDtls/AddtlCmonData/MplyntSts,workbook PATH -> <MplyntSts>; legacy reads full path incl. leaf; wide one-row-per-loan; singleton Coll (no repeating collateral),legacy path validates against XSD tree,matches_xsd,retained: workbook path matches the XSD path map,low,workbook + XSD agree
RREL14,credit_impaired_obligor,Document/ScrtstnNonAsstBckdComrclPprUndrlygXpsrRpt/NewCrrctn/ScrtstnRpt/UndrlygXpsrRcrd/UndrlygXpsrData/ResdtlRealEsttLn/PrfrmgLn/UndrlygXpsrCmonData/OblgrDtls/AddtlCmonData/CdtImprdOblgr,Document/ScrtstnNonAsstBckdComrclPprUndrlygXpsrRpt/NewCrrctn/ScrtstnRpt/UndrlygXpsrRcrd/UndrlygXpsrData/ResdtlRealEsttLn/PrfrmgLn/UndrlygXpsrCmonData/OblgrDtls/AddtlCmonData/CdtImprdOblgr,workbook PATH -> <CdtImprdOblgr>; legacy reads full path incl. leaf; wide one-row-per-loan; singleton Coll (no repeating collateral),legacy path validates against XSD tree,matches_xsd,retained: workbook path matches the XSD path map,low,workbook + XSD agree
RREL15,customer_type,Document/ScrtstnNonAsstBckdComrclPprUndrlygXpsrRpt/NewCrrctn/ScrtstnRpt/UndrlygXpsrRcrd/UndrlygXpsrData/ResdtlRealEsttLn/PrfrmgLn/UndrlygXpsrCmonData/OblgrDtls/CstmrTp,Document/ScrtstnNonAsstBckdComrclPprUndrlygXpsrRpt/NewCrrctn/ScrtstnRpt/UndrlygXpsrRcrd/UndrlygXpsrData/ResdtlRealEsttLn/PrfrmgLn/UndrlygXpsrCmonData/OblgrDtls/CstmrTp,workbook PATH -> <CstmrTp>; legacy reads full path incl. leaf; wide one-row-per-loan; singleton Coll (no repeating collateral),legacy path validates against XSD tree,matches_xsd,retained: workbook path matches the XSD path map,low,workbook + XSD agree
RREL16,primary_income,Document/ScrtstnNonAsstBckdComrclPprUndrlygXpsrRpt/NewCrrctn/ScrtstnRpt/UndrlygXpsrRcrd/UndrlygXpsrData/ResdtlRealEsttLn/PrfrmgLn/UndrlygXpsrCmonData/OblgrDtls/FinDtls/PmryOblgrIncm/IncmVal,Document/ScrtstnNonAsstBckdComrclPprUndrlygXpsrRpt/NewCrrctn/ScrtstnRpt/UndrlygXpsrRcrd/UndrlygXpsrData/ResdtlRealEsttLn/PrfrmgLn/UndrlygXpsrCmonData/OblgrDtls/FinDtls/PmryOblgrIncm/IncmVal,workbook PATH -> <IncmVal>; legacy reads full path incl. leaf; wide one-row-per-loan; singleton Coll (no repeating collateral),legacy path validates against XSD tree,matches_xsd,retained: workbook path matches the XSD path map,low,workbook + XSD agree
RREL17,primary_income_type,Document/ScrtstnNonAsstBckdComrclPprUndrlygXpsrRpt/NewCrrctn/ScrtstnRpt/UndrlygXpsrRcrd/UndrlygXpsrData/ResdtlRealEsttLn/PrfrmgLn/UndrlygXpsrCmonData/OblgrDtls/FinDtls/PmryOblgrIncm/Tp,Document/ScrtstnNonAsstBckdComrclPprUndrlygXpsrRpt/NewCrrctn/ScrtstnRpt/UndrlygXpsrRcrd/UndrlygXpsrData/ResdtlRealEsttLn/PrfrmgLn/UndrlygXpsrCmonData/OblgrDtls/FinDtls/PmryOblgrIncm/Tp,workbook PATH -> <Tp>; legacy reads full path incl. leaf; wide one-row-per-loan; singleton Coll (no repeating collateral),legacy path validates against XSD tree,matches_xsd,retained: workbook path matches the XSD path map,low,workbook + XSD agree
RREL18,primary_income_currency,,,code not present in the workbook RRE/PRF branch,n/a,not_used_by_legacy_builder,map manually from XSD/sample,low,legacy builder would not emit this field for residential performing
RREL19,primary_income_verification,Document/ScrtstnNonAsstBckdComrclPprUndrlygXpsrRpt/NewCrrctn/ScrtstnRpt/UndrlygXpsrRcrd/UndrlygXpsrData/ResdtlRealEsttLn/PrfrmgLn/UndrlygXpsrCmonData/OblgrDtls/FinDtls/PmryOblgrIncm/Vrfctn,Document/ScrtstnNonAsstBckdComrclPprUndrlygXpsrRpt/NewCrrctn/ScrtstnRpt/UndrlygXpsrRcrd/UndrlygXpsrData/ResdtlRealEsttLn/PrfrmgLn/UndrlygXpsrCmonData/OblgrDtls/FinDtls/PmryOblgrIncm/Vrfctn,workbook PATH -> <Vrfctn>; legacy reads full path incl. leaf; wide one-row-per-loan; singleton Coll (no repeating collateral),legacy path validates against XSD tree,matches_xsd,retained: workbook path matches the XSD path map,low,workbook + XSD agree
RREL20,secondary_income,Document/ScrtstnNonAsstBckdComrclPprUndrlygXpsrRpt/NewCrrctn/ScrtstnRpt/UndrlygXpsrRcrd/UndrlygXpsrData/ResdtlRealEsttLn/PrfrmgLn/UndrlygXpsrCmonData/OblgrDtls/FinDtls/ScndryOblgrIncm/IncmVal,Document/ScrtstnNonAsstBckdComrclPprUndrlygXpsrRpt/NewCrrctn/ScrtstnRpt/UndrlygXpsrRcrd/UndrlygXpsrData/ResdtlRealEsttLn/PrfrmgLn/UndrlygXpsrCmonData/OblgrDtls/FinDtls/ScndryOblgrIncm/IncmVal,workbook PATH -> <IncmVal>; legacy reads full path incl. leaf; wide one-row-per-loan; singleton Coll (no repeating collateral),legacy path validates against XSD tree,legacy_nd_injection_risk,retain path; but RETIRE legacy ND5 auto-injection for this branch,medium,"path agrees, but legacy injects ND5 defaults under ScndryOblgrIncm"
RREL21,secondary_income_verification,Document/ScrtstnNonAsstBckdComrclPprUndrlygXpsrRpt/NewCrrctn/ScrtstnRpt/UndrlygXpsrRcrd/UndrlygXpsrData/ResdtlRealEsttLn/PrfrmgLn/UndrlygXpsrCmonData/OblgrDtls/FinDtls/ScndryOblgrIncm/Vrfctn,Document/ScrtstnNonAsstBckdComrclPprUndrlygXpsrRpt/NewCrrctn/ScrtstnRpt/UndrlygXpsrRcrd/UndrlygXpsrData/ResdtlRealEsttLn/PrfrmgLn/UndrlygXpsrCmonData/OblgrDtls/FinDtls/ScndryOblgrIncm/Vrfctn,workbook PATH -> <Vrfctn>; legacy reads full path incl. leaf; wide one-row-per-loan; singleton Coll (no repeating collateral),legacy path validates against XSD tree,legacy_nd_injection_risk,retain path; but RETIRE legacy ND5 auto-injection for this branch,medium,"path agrees, but legacy injects ND5 defaults under ScndryOblgrIncm"
RREL22,special_scheme,Document/ScrtstnNonAsstBckdComrclPprUndrlygXpsrRpt/NewCrrctn/ScrtstnRpt/UndrlygXpsrRcrd/UndrlygXpsrData/ResdtlRealEsttLn/PrfrmgLn/UndrlygXpsrCmonData/UndrlygXpsrDtls/SpclSchme,Document/ScrtstnNonAsstBckdComrclPprUndrlygXpsrRpt/NewCrrctn/ScrtstnRpt/UndrlygXpsrRcrd/UndrlygXpsrData/ResdtlRealEsttLn/PrfrmgLn/UndrlygXpsrCmonData/UndrlygXpsrDtls/SpclSchme,workbook PATH -> <SpclSchme>; legacy reads full path incl. leaf; wide one-row-per-loan; singleton Coll (no repeating collateral),legacy path validates against XSD tree,matches_xsd,retained: workbook path matches the XSD path map,low,workbook + XSD agree
RREL23,origination_date,Document/ScrtstnNonAsstBckdComrclPprUndrlygXpsrRpt/NewCrrctn/ScrtstnRpt/UndrlygXpsrRcrd/UndrlygXpsrData/ResdtlRealEsttLn/PrfrmgLn/UndrlygXpsrCmonData/UndrlygXpsrDtls/IssncAndMtrtyDtls/OrgtnDt,Document/ScrtstnNonAsstBckdComrclPprUndrlygXpsrRpt/NewCrrctn/ScrtstnRpt/UndrlygXpsrRcrd/UndrlygXpsrData/ResdtlRealEsttLn/PrfrmgLn/UndrlygXpsrCmonData/UndrlygXpsrDtls/IssncAndMtrtyDtls/OrgtnDt,workbook PATH -> <OrgtnDt>; legacy reads full path incl. leaf; wide one-row-per-loan; singleton Coll (no repeating collateral),legacy path validates against XSD tree,matches_xsd,retained: workbook path matches the XSD path map,low,workbook + XSD agree
RREL24,maturity_date,Document/ScrtstnNonAsstBckdComrclPprUndrlygXpsrRpt/NewCrrctn/ScrtstnRpt/UndrlygXpsrRcrd/UndrlygXpsrData/ResdtlRealEsttLn/PrfrmgLn/UndrlygXpsrCmonData/UndrlygXpsrDtls/IssncAndMtrtyDtls/MtrtyDt,Document/ScrtstnNonAsstBckdComrclPprUndrlygXpsrRpt/NewCrrctn/ScrtstnRpt/UndrlygXpsrRcrd/UndrlygXpsrData/ResdtlRealEsttLn/PrfrmgLn/UndrlygXpsrCmonData/UndrlygXpsrDtls/IssncAndMtrtyDtls/MtrtyDt,workbook PATH -> <MtrtyDt>; legacy reads full path incl. leaf; wide one-row-per-loan; singleton Coll (no repeating collateral),legacy path validates against XSD tree,matches_xsd,retained: workbook path matches the XSD path map,low,workbook + XSD agree
RREL25,original_term,Document/ScrtstnNonAsstBckdComrclPprUndrlygXpsrRpt/NewCrrctn/ScrtstnRpt/UndrlygXpsrRcrd/UndrlygXpsrData/ResdtlRealEsttLn/PrfrmgLn/UndrlygXpsrCmonData/UndrlygXpsrDtls/IssncAndMtrtyDtls/OrgnlTerm,Document/ScrtstnNonAsstBckdComrclPprUndrlygXpsrRpt/NewCrrctn/ScrtstnRpt/UndrlygXpsrRcrd/UndrlygXpsrData/ResdtlRealEsttLn/PrfrmgLn/UndrlygXpsrCmonData/UndrlygXpsrDtls/IssncAndMtrtyDtls/OrgnlTerm,workbook PATH -> <OrgnlTerm>; legacy reads full path incl. leaf; wide one-row-per-loan; singleton Coll (no repeating collateral),legacy path validates against XSD tree,matches_xsd,retained: workbook path matches the XSD path map,low,workbook + XSD agree
RREL26,origination_channel,Document/ScrtstnNonAsstBckdComrclPprUndrlygXpsrRpt/NewCrrctn/ScrtstnRpt/UndrlygXpsrRcrd/UndrlygXpsrData/ResdtlRealEsttLn/PrfrmgLn/UndrlygXpsrCmonData/UndrlygXpsrDtls/OrgtnChanl,Document/ScrtstnNonAsstBckdComrclPprUndrlygXpsrRpt/NewCrrctn/ScrtstnRpt/UndrlygXpsrRcrd/UndrlygXpsrData/ResdtlRealEsttLn/PrfrmgLn/UndrlygXpsrCmonData/UndrlygXpsrDtls/OrgtnChanl,workbook PATH -> <OrgtnChanl>; legacy reads full path incl. leaf; wide one-row-per-loan; singleton Coll (no repeating collateral),legacy path validates against XSD tree,matches_xsd,retained: workbook path matches the XSD path map,low,workbook + XSD agree
RREL27,purpose,Document/ScrtstnNonAsstBckdComrclPprUndrlygXpsrRpt/NewCrrctn/ScrtstnRpt/UndrlygXpsrRcrd/UndrlygXpsrData/ResdtlRealEsttLn/PrfrmgLn/UndrlygXpsrCmonData/UndrlygXpsrDtls/Purp,Document/ScrtstnNonAsstBckdComrclPprUndrlygXpsrRpt/NewCrrctn/ScrtstnRpt/UndrlygXpsrRcrd/UndrlygXpsrData/ResdtlRealEsttLn/PrfrmgLn/UndrlygXpsrCmonData/UndrlygXpsrDtls/Purp,workbook PATH -> <Purp>; legacy reads full path incl. leaf; wide one-row-per-loan; singleton Coll (no repeating collateral),legacy path validates against XSD tree,matches_xsd,retained: workbook path matches the XSD path map,low,workbook + XSD agree
RREL28,currency_denomination,,,code not present in the workbook RRE/PRF branch,n/a,not_used_by_legacy_builder,map manually from XSD/sample,low,legacy builder would not emit this field for residential performing
RREL29,original_principal_balance,Document/ScrtstnNonAsstBckdComrclPprUndrlygXpsrRpt/NewCrrctn/ScrtstnRpt/UndrlygXpsrRcrd/UndrlygXpsrData/ResdtlRealEsttLn/PrfrmgLn/UndrlygXpsrCmonData/UndrlygXpsrDtls/BalDtls/OrgnlPrncplBal,Document/ScrtstnNonAsstBckdComrclPprUndrlygXpsrRpt/NewCrrctn/ScrtstnRpt/UndrlygXpsrRcrd/UndrlygXpsrData/ResdtlRealEsttLn/PrfrmgLn/UndrlygXpsrCmonData/UndrlygXpsrDtls/BalDtls/OrgnlPrncplBal,workbook PATH -> <OrgnlPrncplBal>; legacy reads full path incl. leaf; wide one-row-per-loan; singleton Coll (no repeating collateral),legacy path validates against XSD tree,matches_xsd,retained: workbook path matches the XSD path map,low,workbook + XSD agree
RREL30,current_principal_balance,Document/ScrtstnNonAsstBckdComrclPprUndrlygXpsrRpt/NewCrrctn/ScrtstnRpt/UndrlygXpsrRcrd/UndrlygXpsrData/ResdtlRealEsttLn/PrfrmgLn/UndrlygXpsrCmonData/UndrlygXpsrDtls/BalDtls/CurPrncplBal,Document/ScrtstnNonAsstBckdComrclPprUndrlygXpsrRpt/NewCrrctn/ScrtstnRpt/UndrlygXpsrRcrd/UndrlygXpsrData/ResdtlRealEsttLn/PrfrmgLn/UndrlygXpsrCmonData/UndrlygXpsrDtls/BalDtls/CurPrncplBal,workbook PATH -> <CurPrncplBal>; legacy reads full path incl. leaf; wide one-row-per-loan; singleton Coll (no repeating collateral),legacy path validates against XSD tree,matches_xsd,retained: workbook path matches the XSD path map,low,workbook + XSD agree
RREL31,prior_principal_balances,Document/ScrtstnNonAsstBckdComrclPprUndrlygXpsrRpt/NewCrrctn/ScrtstnRpt/UndrlygXpsrRcrd/UndrlygXpsrData/ResdtlRealEsttLn/PrfrmgLn/UndrlygXpsrCmonData/UndrlygXpsrDtls/BalDtls/PrrPrncplBal,Document/ScrtstnNonAsstBckdComrclPprUndrlygXpsrRpt/NewCrrctn/ScrtstnRpt/UndrlygXpsrRcrd/UndrlygXpsrData/ResdtlRealEsttLn/PrfrmgLn/UndrlygXpsrCmonData/UndrlygXpsrDtls/BalDtls/PrrPrncplBal,workbook PATH -> <PrrPrncplBal>; legacy reads full path incl. leaf; wide one-row-per-loan; singleton Coll (no repeating collateral),legacy path validates against XSD tree,matches_xsd,retained: workbook path matches the XSD path map,low,workbook + XSD agree
RREL32,pari_passu_underlying_exposures,Document/ScrtstnNonAsstBckdComrclPprUndrlygXpsrRpt/NewCrrctn/ScrtstnRpt/UndrlygXpsrRcrd/UndrlygXpsrData/ResdtlRealEsttLn/PrfrmgLn/UndrlygXpsrCmonData/UndrlygXpsrDtls/BalDtls/PrpssUndrlygXpsr,Document/ScrtstnNonAsstBckdComrclPprUndrlygXpsrRpt/NewCrrctn/ScrtstnRpt/UndrlygXpsrRcrd/UndrlygXpsrData/ResdtlRealEsttLn/PrfrmgLn/UndrlygXpsrCmonData/UndrlygXpsrDtls/BalDtls/PrpssUndrlygXpsr,workbook PATH -> <PrpssUndrlygXpsr>; legacy reads full path incl. leaf; wide one-row-per-loan; singleton Coll (no repeating collateral),legacy path validates against XSD tree,matches_xsd,retained: workbook path matches the XSD path map,low,workbook + XSD agree
RREL33,total_credit_limit,Document/ScrtstnNonAsstBckdComrclPprUndrlygXpsrRpt/NewCrrctn/ScrtstnRpt/UndrlygXpsrRcrd/UndrlygXpsrData/ResdtlRealEsttLn/PrfrmgLn/UndrlygXpsrCmonData/UndrlygXpsrDtls/BalDtls/TtlCdtLmt,Document/ScrtstnNonAsstBckdComrclPprUndrlygXpsrRpt/NewCrrctn/ScrtstnRpt/UndrlygXpsrRcrd/UndrlygXpsrData/ResdtlRealEsttLn/PrfrmgLn/UndrlygXpsrCmonData/UndrlygXpsrDtls/BalDtls/TtlCdtLmt,workbook PATH -> <TtlCdtLmt>; legacy reads full path incl. leaf; wide one-row-per-loan; singleton Coll (no repeating collateral),legacy path validates against XSD tree,matches_xsd,retained: workbook path matches the XSD path map,low,workbook + XSD agree
RREL34,purchase_price,Document/ScrtstnNonAsstBckdComrclPprUndrlygXpsrRpt/NewCrrctn/ScrtstnRpt/UndrlygXpsrRcrd/UndrlygXpsrData/ResdtlRealEsttLn/PrfrmgLn/UndrlygXpsrCmonData/UndrlygXpsrDtls/BalDtls/PurchsPric,Document/ScrtstnNonAsstBckdComrclPprUndrlygXpsrRpt/NewCrrctn/ScrtstnRpt/UndrlygXpsrRcrd/UndrlygXpsrData/ResdtlRealEsttLn/PrfrmgLn/UndrlygXpsrCmonData/UndrlygXpsrDtls/BalDtls/PurchsPric,workbook PATH -> <PurchsPric>; legacy reads full path incl. leaf; wide one-row-per-loan; singleton Coll (no repeating collateral),legacy path validates against XSD tree,matches_xsd,retained: workbook path matches the XSD path map,low,workbook + XSD agree
RREL35,amortisation_type,Document/ScrtstnNonAsstBckdComrclPprUndrlygXpsrRpt/NewCrrctn/ScrtstnRpt/UndrlygXpsrRcrd/UndrlygXpsrData/ResdtlRealEsttLn/PrfrmgLn/UndrlygXpsrCmonData/UndrlygXpsrDtls/RpmtDtls/AmtstnTp,Document/ScrtstnNonAsstBckdComrclPprUndrlygXpsrRpt/NewCrrctn/ScrtstnRpt/UndrlygXpsrRcrd/UndrlygXpsrData/ResdtlRealEsttLn/PrfrmgLn/UndrlygXpsrCmonData/UndrlygXpsrDtls/RpmtDtls/AmtstnTp,workbook PATH -> <AmtstnTp>; legacy reads full path incl. leaf; wide one-row-per-loan; singleton Coll (no repeating collateral),legacy path validates against XSD tree,matches_xsd,retained: workbook path matches the XSD path map,low,workbook + XSD agree
RREL36,principal_grace_period_end_date,Document/ScrtstnNonAsstBckdComrclPprUndrlygXpsrRpt/NewCrrctn/ScrtstnRpt/UndrlygXpsrRcrd/UndrlygXpsrData/ResdtlRealEsttLn/PrfrmgLn/UndrlygXpsrCmonData/UndrlygXpsrDtls/RpmtDtls/CmonData/GracePrdEndDt,Document/ScrtstnNonAsstBckdComrclPprUndrlygXpsrRpt/NewCrrctn/ScrtstnRpt/UndrlygXpsrRcrd/UndrlygXpsrData/ResdtlRealEsttLn/PrfrmgLn/UndrlygXpsrCmonData/UndrlygXpsrDtls/RpmtDtls/CmonData/GracePrdEndDt,workbook PATH -> <GracePrdEndDt>; legacy reads full path incl. leaf; wide one-row-per-loan; singleton Coll (no repeating collateral),legacy path validates against XSD tree,matches_xsd,retained: workbook path matches the XSD path map,low,workbook + XSD agree
RREL37,scheduled_principal_payment_frequency,Document/ScrtstnNonAsstBckdComrclPprUndrlygXpsrRpt/NewCrrctn/ScrtstnRpt/UndrlygXpsrRcrd/UndrlygXpsrData/ResdtlRealEsttLn/PrfrmgLn/UndrlygXpsrCmonData/UndrlygXpsrDtls/RpmtDtls/CmonData/SchdldPmtFrqcy,Document/ScrtstnNonAsstBckdComrclPprUndrlygXpsrRpt/NewCrrctn/ScrtstnRpt/UndrlygXpsrRcrd/UndrlygXpsrData/ResdtlRealEsttLn/PrfrmgLn/UndrlygXpsrCmonData/UndrlygXpsrDtls/RpmtDtls/CmonData/SchdldPmtFrqcy,workbook PATH -> <SchdldPmtFrqcy>; legacy reads full path incl. leaf; wide one-row-per-loan; singleton Coll (no repeating collateral),legacy path validates against XSD tree,matches_xsd,retained: workbook path matches the XSD path map,low,workbook + XSD agree
RREL38,scheduled_interest_payment_frequency,Document/ScrtstnNonAsstBckdComrclPprUndrlygXpsrRpt/NewCrrctn/ScrtstnRpt/UndrlygXpsrRcrd/UndrlygXpsrData/ResdtlRealEsttLn/PrfrmgLn/UndrlygXpsrCmonData/UndrlygXpsrDtls/RpmtDtls/CmonData/IntrstPmtFrqcy,Document/ScrtstnNonAsstBckdComrclPprUndrlygXpsrRpt/NewCrrctn/ScrtstnRpt/UndrlygXpsrRcrd/UndrlygXpsrData/ResdtlRealEsttLn/PrfrmgLn/UndrlygXpsrCmonData/UndrlygXpsrDtls/RpmtDtls/CmonData/IntrstPmtFrqcy,workbook PATH -> <IntrstPmtFrqcy>; legacy reads full path incl. leaf; wide one-row-per-loan; singleton Coll (no repeating collateral),legacy path validates against XSD tree,matches_xsd,retained: workbook path matches the XSD path map,low,workbook + XSD agree
RREL39,payment_due,Document/ScrtstnNonAsstBckdComrclPprUndrlygXpsrRpt/NewCrrctn/ScrtstnRpt/UndrlygXpsrRcrd/UndrlygXpsrData/ResdtlRealEsttLn/PrfrmgLn/UndrlygXpsrCmonData/PrfrmncDtls/PmtDtls/PmtDue,Document/ScrtstnNonAsstBckdComrclPprUndrlygXpsrRpt/NewCrrctn/ScrtstnRpt/UndrlygXpsrRcrd/UndrlygXpsrData/ResdtlRealEsttLn/PrfrmgLn/UndrlygXpsrCmonData/PrfrmncDtls/PmtDtls/PmtDue,workbook PATH -> <PmtDue>; legacy reads full path incl. leaf; wide one-row-per-loan; singleton Coll (no repeating collateral),legacy path validates against XSD tree,matches_xsd,retained: workbook path matches the XSD path map,low,workbook + XSD agree
RREL40,debt_to_income_ratio,Document/ScrtstnNonAsstBckdComrclPprUndrlygXpsrRpt/NewCrrctn/ScrtstnRpt/UndrlygXpsrRcrd/UndrlygXpsrData/ResdtlRealEsttLn/PrfrmgLn/UndrlygXpsrCmonData/RskDtls/DebtToIncm,Document/ScrtstnNonAsstBckdComrclPprUndrlygXpsrRpt/NewCrrctn/ScrtstnRpt/UndrlygXpsrRcrd/UndrlygXpsrData/ResdtlRealEsttLn/PrfrmgLn/UndrlygXpsrCmonData/RskDtls/DebtToIncm,workbook PATH -> <DebtToIncm>; legacy reads full path incl. leaf; wide one-row-per-loan; singleton Coll (no repeating collateral),legacy path validates against XSD tree,matches_xsd,retained: workbook path matches the XSD path map,low,workbook + XSD agree
RREL41,balloon_amount,Document/ScrtstnNonAsstBckdComrclPprUndrlygXpsrRpt/NewCrrctn/ScrtstnRpt/UndrlygXpsrRcrd/UndrlygXpsrData/ResdtlRealEsttLn/PrfrmgLn/UndrlygXpsrCmonData/UndrlygXpsrDtls/RpmtDtls/BllnAmt,Document/ScrtstnNonAsstBckdComrclPprUndrlygXpsrRpt/NewCrrctn/ScrtstnRpt/UndrlygXpsrRcrd/UndrlygXpsrData/ResdtlRealEsttLn/PrfrmgLn/UndrlygXpsrCmonData/UndrlygXpsrDtls/RpmtDtls/BllnAmt,workbook PATH -> <BllnAmt>; legacy reads full path incl. leaf; wide one-row-per-loan; singleton Coll (no repeating collateral),legacy path validates against XSD tree,matches_xsd,retained: workbook path matches the XSD path map,low,workbook + XSD agree
RREL42,interest_rate_type,Document/ScrtstnNonAsstBckdComrclPprUndrlygXpsrRpt/NewCrrctn/ScrtstnRpt/UndrlygXpsrRcrd/UndrlygXpsrData/ResdtlRealEsttLn/PrfrmgLn/UndrlygXpsrCmonData/UndrlygXpsrDtls/IntrstRateDtls/Tp,Document/ScrtstnNonAsstBckdComrclPprUndrlygXpsrRpt/NewCrrctn/ScrtstnRpt/UndrlygXpsrRcrd/UndrlygXpsrData/ResdtlRealEsttLn/PrfrmgLn/UndrlygXpsrCmonData/UndrlygXpsrDtls/IntrstRateDtls/Tp,workbook PATH -> <Tp>; legacy reads full path incl. leaf; wide one-row-per-loan; singleton Coll (no repeating collateral),legacy path validates against XSD tree,matches_xsd,retained: workbook path matches the XSD path map,low,workbook + XSD agree
RREL43,current_interest_rate,Document/ScrtstnNonAsstBckdComrclPprUndrlygXpsrRpt/NewCrrctn/ScrtstnRpt/UndrlygXpsrRcrd/UndrlygXpsrData/ResdtlRealEsttLn/PrfrmgLn/UndrlygXpsrCmonData/UndrlygXpsrDtls/IntrstRateDtls/CmonData/CurRate,Document/ScrtstnNonAsstBckdComrclPprUndrlygXpsrRpt/NewCrrctn/ScrtstnRpt/UndrlygXpsrRcrd/UndrlygXpsrData/ResdtlRealEsttLn/PrfrmgLn/UndrlygXpsrCmonData/UndrlygXpsrDtls/IntrstRateDtls/CmonData/CurRate,workbook PATH -> <CurRate>; legacy reads full path incl. leaf; wide one-row-per-loan; singleton Coll (no repeating collateral),legacy path validates against XSD tree,matches_xsd,retained: workbook path matches the XSD path map,low,workbook + XSD agree
RREL44,current_interest_rate_index,Document/ScrtstnNonAsstBckdComrclPprUndrlygXpsrRpt/NewCrrctn/ScrtstnRpt/UndrlygXpsrRcrd/UndrlygXpsrData/ResdtlRealEsttLn/PrfrmgLn/UndrlygXpsrCmonData/UndrlygXpsrDtls/IntrstRateDtls/CmonData/CurIndx,Document/ScrtstnNonAsstBckdComrclPprUndrlygXpsrRpt/NewCrrctn/ScrtstnRpt/UndrlygXpsrRcrd/UndrlygXpsrData/ResdtlRealEsttLn/PrfrmgLn/UndrlygXpsrCmonData/UndrlygXpsrDtls/IntrstRateDtls/CmonData/CurIndx,workbook PATH -> <CurIndx>; legacy reads full path incl. leaf; wide one-row-per-loan; singleton Coll (no repeating collateral),legacy path validates against XSD tree,matches_xsd,retained: workbook path matches the XSD path map,low,workbook + XSD agree
RREL45,current_interest_rate_index_tenor,Document/ScrtstnNonAsstBckdComrclPprUndrlygXpsrRpt/NewCrrctn/ScrtstnRpt/UndrlygXpsrRcrd/UndrlygXpsrData/ResdtlRealEsttLn/PrfrmgLn/UndrlygXpsrCmonData/UndrlygXpsrDtls/IntrstRateDtls/CmonData/CurTnor,Document/ScrtstnNonAsstBckdComrclPprUndrlygXpsrRpt/NewCrrctn/ScrtstnRpt/UndrlygXpsrRcrd/UndrlygXpsrData/ResdtlRealEsttLn/PrfrmgLn/UndrlygXpsrCmonData/UndrlygXpsrDtls/IntrstRateDtls/CmonData/CurTnor,workbook PATH -> <CurTnor>; legacy reads full path incl. leaf; wide one-row-per-loan; singleton Coll (no repeating collateral),legacy path validates against XSD tree,matches_xsd,retained: workbook path matches the XSD path map,low,workbook + XSD agree
RREL46,current_interest_rate_margin,Document/ScrtstnNonAsstBckdComrclPprUndrlygXpsrRpt/NewCrrctn/ScrtstnRpt/UndrlygXpsrRcrd/UndrlygXpsrData/ResdtlRealEsttLn/PrfrmgLn/UndrlygXpsrCmonData/UndrlygXpsrDtls/IntrstRateDtls/CurIntrstRateMrgn,Document/ScrtstnNonAsstBckdComrclPprUndrlygXpsrRpt/NewCrrctn/ScrtstnRpt/UndrlygXpsrRcrd/UndrlygXpsrData/ResdtlRealEsttLn/PrfrmgLn/UndrlygXpsrCmonData/UndrlygXpsrDtls/IntrstRateDtls/CurIntrstRateMrgn,workbook PATH -> <CurIntrstRateMrgn>; legacy reads full path incl. leaf; wide one-row-per-loan; singleton Coll (no repeating collateral),legacy path validates against XSD tree,matches_xsd,retained: workbook path matches the XSD path map,low,workbook + XSD agree
RREL47,interest_rate_reset_interval,Document/ScrtstnNonAsstBckdComrclPprUndrlygXpsrRpt/NewCrrctn/ScrtstnRpt/UndrlygXpsrRcrd/UndrlygXpsrData/ResdtlRealEsttLn/PrfrmgLn/UndrlygXpsrCmonData/UndrlygXpsrDtls/IntrstRateDtls/AddtlCmonData/RstIntrvl,Document/ScrtstnNonAsstBckdComrclPprUndrlygXpsrRpt/NewCrrctn/ScrtstnRpt/UndrlygXpsrRcrd/UndrlygXpsrData/ResdtlRealEsttLn/PrfrmgLn/UndrlygXpsrCmonData/UndrlygXpsrDtls/IntrstRateDtls/AddtlCmonData/RstIntrvl,workbook PATH -> <RstIntrvl>; legacy reads full path incl. leaf; wide one-row-per-loan; singleton Coll (no repeating collateral),legacy path validates against XSD tree,matches_xsd,retained: workbook path matches the XSD path map,low,workbook + XSD agree
RREL48,interest_rate_cap,Document/ScrtstnNonAsstBckdComrclPprUndrlygXpsrRpt/NewCrrctn/ScrtstnRpt/UndrlygXpsrRcrd/UndrlygXpsrData/ResdtlRealEsttLn/PrfrmgLn/UndrlygXpsrCmonData/UndrlygXpsrDtls/IntrstRateDtls/AddtlCmonData/Cap,Document/ScrtstnNonAsstBckdComrclPprUndrlygXpsrRpt/NewCrrctn/ScrtstnRpt/UndrlygXpsrRcrd/UndrlygXpsrData/ResdtlRealEsttLn/PrfrmgLn/UndrlygXpsrCmonData/UndrlygXpsrDtls/IntrstRateDtls/AddtlCmonData/Cap,workbook PATH -> <Cap>; legacy reads full path incl. leaf; wide one-row-per-loan; singleton Coll (no repeating collateral),legacy path validates against XSD tree,matches_xsd,retained: workbook path matches the XSD path map,low,workbook + XSD agree
RREL49,interest_rate_floor,Document/ScrtstnNonAsstBckdComrclPprUndrlygXpsrRpt/NewCrrctn/ScrtstnRpt/UndrlygXpsrRcrd/UndrlygXpsrData/ResdtlRealEsttLn/PrfrmgLn/UndrlygXpsrCmonData/UndrlygXpsrDtls/IntrstRateDtls/AddtlCmonData/Flr,Document/ScrtstnNonAsstBckdComrclPprUndrlygXpsrRpt/NewCrrctn/ScrtstnRpt/UndrlygXpsrRcrd/UndrlygXpsrData/ResdtlRealEsttLn/PrfrmgLn/UndrlygXpsrCmonData/UndrlygXpsrDtls/IntrstRateDtls/AddtlCmonData/Flr,workbook PATH -> <Flr>; legacy reads full path incl. leaf; wide one-row-per-loan; singleton Coll (no repeating collateral),legacy path validates against XSD tree,matches_xsd,retained: workbook path matches the XSD path map,low,workbook + XSD agree
RREL50,revision_margin_1,Document/ScrtstnNonAsstBckdComrclPprUndrlygXpsrRpt/NewCrrctn/ScrtstnRpt/UndrlygXpsrRcrd/UndrlygXpsrData/ResdtlRealEsttLn/PrfrmgLn/UndrlygXpsrCmonData/UndrlygXpsrDtls/IntrstRateDtls/FrstRvsnData/Mrgn,Document/ScrtstnNonAsstBckdComrclPprUndrlygXpsrRpt/NewCrrctn/ScrtstnRpt/UndrlygXpsrRcrd/UndrlygXpsrData/ResdtlRealEsttLn/PrfrmgLn/UndrlygXpsrCmonData/UndrlygXpsrDtls/IntrstRateDtls/FrstRvsnData/Mrgn,workbook PATH -> <Mrgn>; legacy reads full path incl. leaf; wide one-row-per-loan; singleton Coll (no repeating collateral),legacy path validates against XSD tree,matches_xsd,retained: workbook path matches the XSD path map,low,workbook + XSD agree
RREL51,interest_revision_date_1,Document/ScrtstnNonAsstBckdComrclPprUndrlygXpsrRpt/NewCrrctn/ScrtstnRpt/UndrlygXpsrRcrd/UndrlygXpsrData/ResdtlRealEsttLn/PrfrmgLn/UndrlygXpsrCmonData/UndrlygXpsrDtls/IntrstRateDtls/FrstRvsnData/IntrstRvsnDt,Document/ScrtstnNonAsstBckdComrclPprUndrlygXpsrRpt/NewCrrctn/ScrtstnRpt/UndrlygXpsrRcrd/UndrlygXpsrData/ResdtlRealEsttLn/PrfrmgLn/UndrlygXpsrCmonData/UndrlygXpsrDtls/IntrstRateDtls/FrstRvsnData/IntrstRvsnDt,workbook PATH -> <IntrstRvsnDt>; legacy reads full path incl. leaf; wide one-row-per-loan; singleton Coll (no repeating collateral),legacy path validates against XSD tree,matches_xsd,retained: workbook path matches the XSD path map,low,workbook + XSD agree
RREL52,revision_margin_2,Document/ScrtstnNonAsstBckdComrclPprUndrlygXpsrRpt/NewCrrctn/ScrtstnRpt/UndrlygXpsrRcrd/UndrlygXpsrData/ResdtlRealEsttLn/PrfrmgLn/UndrlygXpsrCmonData/UndrlygXpsrDtls/IntrstRateDtls/ScndRvsnData/Mrgn,Document/ScrtstnNonAsstBckdComrclPprUndrlygXpsrRpt/NewCrrctn/ScrtstnRpt/UndrlygXpsrRcrd/UndrlygXpsrData/ResdtlRealEsttLn/PrfrmgLn/UndrlygXpsrCmonData/UndrlygXpsrDtls/IntrstRateDtls/ScndRvsnData/Mrgn,workbook PATH -> <Mrgn>; legacy reads full path incl. leaf; wide one-row-per-loan; singleton Coll (no repeating collateral),legacy path validates against XSD tree,matches_xsd,retained: workbook path matches the XSD path map,low,workbook + XSD agree
RREL53,interest_revision_date_2,Document/ScrtstnNonAsstBckdComrclPprUndrlygXpsrRpt/NewCrrctn/ScrtstnRpt/UndrlygXpsrRcrd/UndrlygXpsrData/ResdtlRealEsttLn/PrfrmgLn/UndrlygXpsrCmonData/UndrlygXpsrDtls/IntrstRateDtls/ScndRvsnData/IntrstRvsnDt,Document/ScrtstnNonAsstBckdComrclPprUndrlygXpsrRpt/NewCrrctn/ScrtstnRpt/UndrlygXpsrRcrd/UndrlygXpsrData/ResdtlRealEsttLn/PrfrmgLn/UndrlygXpsrCmonData/UndrlygXpsrDtls/IntrstRateDtls/ScndRvsnData/IntrstRvsnDt,workbook PATH -> <IntrstRvsnDt>; legacy reads full path incl. leaf; wide one-row-per-loan; singleton Coll (no repeating collateral),legacy path validates against XSD tree,matches_xsd,retained: workbook path matches the XSD path map,low,workbook + XSD agree
RREL54,revision_margin_3,Document/ScrtstnNonAsstBckdComrclPprUndrlygXpsrRpt/NewCrrctn/ScrtstnRpt/UndrlygXpsrRcrd/UndrlygXpsrData/ResdtlRealEsttLn/PrfrmgLn/UndrlygXpsrCmonData/UndrlygXpsrDtls/IntrstRateDtls/ThrdRvsnData/Mrgn,Document/ScrtstnNonAsstBckdComrclPprUndrlygXpsrRpt/NewCrrctn/ScrtstnRpt/UndrlygXpsrRcrd/UndrlygXpsrData/ResdtlRealEsttLn/PrfrmgLn/UndrlygXpsrCmonData/UndrlygXpsrDtls/IntrstRateDtls/ThrdRvsnData/Mrgn,workbook PATH -> <Mrgn>; legacy reads full path incl. leaf; wide one-row-per-loan; singleton Coll (no repeating collateral),legacy path validates against XSD tree,matches_xsd,retained: workbook path matches the XSD path map,low,workbook + XSD agree
RREL55,interest_revision_date_3,Document/ScrtstnNonAsstBckdComrclPprUndrlygXpsrRpt/NewCrrctn/ScrtstnRpt/UndrlygXpsrRcrd/UndrlygXpsrData/ResdtlRealEsttLn/PrfrmgLn/UndrlygXpsrCmonData/UndrlygXpsrDtls/IntrstRateDtls/ThrdRvsnData/IntrstRvsnDt,Document/ScrtstnNonAsstBckdComrclPprUndrlygXpsrRpt/NewCrrctn/ScrtstnRpt/UndrlygXpsrRcrd/UndrlygXpsrData/ResdtlRealEsttLn/PrfrmgLn/UndrlygXpsrCmonData/UndrlygXpsrDtls/IntrstRateDtls/ThrdRvsnData/IntrstRvsnDt,workbook PATH -> <IntrstRvsnDt>; legacy reads full path incl. leaf; wide one-row-per-loan; singleton Coll (no repeating collateral),legacy path validates against XSD tree,matches_xsd,retained: workbook path matches the XSD path map,low,workbook + XSD agree
RREL56,revised_interest_rate_index,Document/ScrtstnNonAsstBckdComrclPprUndrlygXpsrRpt/NewCrrctn/ScrtstnRpt/UndrlygXpsrRcrd/UndrlygXpsrData/ResdtlRealEsttLn/PrfrmgLn/UndrlygXpsrCmonData/UndrlygXpsrDtls/IntrstRateDtls/RvisdIntrstRateIndx,Document/ScrtstnNonAsstBckdComrclPprUndrlygXpsrRpt/NewCrrctn/ScrtstnRpt/UndrlygXpsrRcrd/UndrlygXpsrData/ResdtlRealEsttLn/PrfrmgLn/UndrlygXpsrCmonData/UndrlygXpsrDtls/IntrstRateDtls/RvisdIntrstRateIndx,workbook PATH -> <RvisdIntrstRateIndx>; legacy reads full path incl. leaf; wide one-row-per-loan; singleton Coll (no repeating collateral),legacy path validates against XSD tree,matches_xsd,retained: workbook path matches the XSD path map,low,workbook + XSD agree
RREL57,revised_interest_rate_index_tenor,Document/ScrtstnNonAsstBckdComrclPprUndrlygXpsrRpt/NewCrrctn/ScrtstnRpt/UndrlygXpsrRcrd/UndrlygXpsrData/ResdtlRealEsttLn/PrfrmgLn/UndrlygXpsrCmonData/UndrlygXpsrDtls/IntrstRateDtls/RvisdIntrstRateIndxTnor,Document/ScrtstnNonAsstBckdComrclPprUndrlygXpsrRpt/NewCrrctn/ScrtstnRpt/UndrlygXpsrRcrd/UndrlygXpsrData/ResdtlRealEsttLn/PrfrmgLn/UndrlygXpsrCmonData/UndrlygXpsrDtls/IntrstRateDtls/RvisdIntrstRateIndxTnor,workbook PATH -> <RvisdIntrstRateIndxTnor>; legacy reads full path incl. leaf; wide one-row-per-loan; singleton Coll (no repeating collateral),legacy path validates against XSD tree,matches_xsd,retained: workbook path matches the XSD path map,low,workbook + XSD agree
RREL58,number_of_payments_before_securitisation,Document/ScrtstnNonAsstBckdComrclPprUndrlygXpsrRpt/NewCrrctn/ScrtstnRpt/UndrlygXpsrRcrd/UndrlygXpsrData/ResdtlRealEsttLn/PrfrmgLn/UndrlygXpsrCmonData/PrfrmncDtls/PmtDtls/NbOfPmtsBfrScrtstn,Document/ScrtstnNonAsstBckdComrclPprUndrlygXpsrRpt/NewCrrctn/ScrtstnRpt/UndrlygXpsrRcrd/UndrlygXpsrData/ResdtlRealEsttLn/PrfrmgLn/UndrlygXpsrCmonData/PrfrmncDtls/PmtDtls/NbOfPmtsBfrScrtstn,workbook PATH -> <NbOfPmtsBfrScrtstn>; legacy reads full path incl. leaf; wide one-row-per-loan; singleton Coll (no repeating collateral),legacy path validates against XSD tree,matches_xsd,retained: workbook path matches the XSD path map,low,workbook + XSD agree
RREL59,percentage_of_prepayments_allowed_per_year,Document/ScrtstnNonAsstBckdComrclPprUndrlygXpsrRpt/NewCrrctn/ScrtstnRpt/UndrlygXpsrRcrd/UndrlygXpsrData/ResdtlRealEsttLn/PrfrmgLn/UndrlygXpsrCmonData/PrfrmncDtls/PrepmtDtls/PrepmtCmonData/AllwdPerYr,Document/ScrtstnNonAsstBckdComrclPprUndrlygXpsrRpt/NewCrrctn/ScrtstnRpt/UndrlygXpsrRcrd/UndrlygXpsrData/ResdtlRealEsttLn/PrfrmgLn/UndrlygXpsrCmonData/PrfrmncDtls/PrepmtDtls/PrepmtCmonData/AllwdPerYr,workbook PATH -> <AllwdPerYr>; legacy reads full path incl. leaf; wide one-row-per-loan; singleton Coll (no repeating collateral),legacy path validates against XSD tree,matches_xsd,retained: workbook path matches the XSD path map,low,workbook + XSD agree
RREL60,prepayment_lock_out_end_date,Document/ScrtstnNonAsstBckdComrclPprUndrlygXpsrRpt/NewCrrctn/ScrtstnRpt/UndrlygXpsrRcrd/UndrlygXpsrData/ResdtlRealEsttLn/PrfrmgLn/UndrlygXpsrCmonData/PrfrmncDtls/PrepmtDtls/LckOutEndDt,Document/ScrtstnNonAsstBckdComrclPprUndrlygXpsrRpt/NewCrrctn/ScrtstnRpt/UndrlygXpsrRcrd/UndrlygXpsrData/ResdtlRealEsttLn/PrfrmgLn/UndrlygXpsrCmonData/PrfrmncDtls/PrepmtDtls/LckOutEndDt,workbook PATH -> <LckOutEndDt>; legacy reads full path incl. leaf; wide one-row-per-loan; singleton Coll (no repeating collateral),legacy path validates against XSD tree,matches_xsd,retained: workbook path matches the XSD path map,low,workbook + XSD agree
RREL61,prepayment_fee,Document/ScrtstnNonAsstBckdComrclPprUndrlygXpsrRpt/NewCrrctn/ScrtstnRpt/UndrlygXpsrRcrd/UndrlygXpsrData/ResdtlRealEsttLn/PrfrmgLn/UndrlygXpsrCmonData/PrfrmncDtls/PrepmtDtls/PrepmtCmonData/Fee,Document/ScrtstnNonAsstBckdComrclPprUndrlygXpsrRpt/NewCrrctn/ScrtstnRpt/UndrlygXpsrRcrd/UndrlygXpsrData/ResdtlRealEsttLn/PrfrmgLn/UndrlygXpsrCmonData/PrfrmncDtls/PrepmtDtls/PrepmtCmonData/Fee,workbook PATH -> <Fee>; legacy reads full path incl. leaf; wide one-row-per-loan; singleton Coll (no repeating collateral),legacy path validates against XSD tree,matches_xsd,retained: workbook path matches the XSD path map,low,workbook + XSD agree
RREL62,prepayment_fee_end_date,Document/ScrtstnNonAsstBckdComrclPprUndrlygXpsrRpt/NewCrrctn/ScrtstnRpt/UndrlygXpsrRcrd/UndrlygXpsrData/ResdtlRealEsttLn/PrfrmgLn/UndrlygXpsrCmonData/PrfrmncDtls/PrepmtDtls/PrepmtCmonData/FeeEndDt,Document/ScrtstnNonAsstBckdComrclPprUndrlygXpsrRpt/NewCrrctn/ScrtstnRpt/UndrlygXpsrRcrd/UndrlygXpsrData/ResdtlRealEsttLn/PrfrmgLn/UndrlygXpsrCmonData/PrfrmncDtls/PrepmtDtls/PrepmtCmonData/FeeEndDt,workbook PATH -> <FeeEndDt>; legacy reads full path incl. leaf; wide one-row-per-loan; singleton Coll (no repeating collateral),legacy path validates against XSD tree,matches_xsd,retained: workbook path matches the XSD path map,low,workbook + XSD agree
RREL63,prepayment_date,Document/ScrtstnNonAsstBckdComrclPprUndrlygXpsrRpt/NewCrrctn/ScrtstnRpt/UndrlygXpsrRcrd/UndrlygXpsrData/ResdtlRealEsttLn/PrfrmgLn/UndrlygXpsrCmonData/PrfrmncDtls/PrepmtDtls/PrepmtCmonData/LatstDt,Document/ScrtstnNonAsstBckdComrclPprUndrlygXpsrRpt/NewCrrctn/ScrtstnRpt/UndrlygXpsrRcrd/UndrlygXpsrData/ResdtlRealEsttLn/PrfrmgLn/UndrlygXpsrCmonData/PrfrmncDtls/PrepmtDtls/PrepmtCmonData/LatstDt,workbook PATH -> <LatstDt>; legacy reads full path incl. leaf; wide one-row-per-loan; singleton Coll (no repeating collateral),legacy path validates against XSD tree,matches_xsd,retained: workbook path matches the XSD path map,low,workbook + XSD agree
RREL64,cumulative_prepayments,Document/ScrtstnNonAsstBckdComrclPprUndrlygXpsrRpt/NewCrrctn/ScrtstnRpt/UndrlygXpsrRcrd/UndrlygXpsrData/ResdtlRealEsttLn/PrfrmgLn/UndrlygXpsrCmonData/PrfrmncDtls/PrepmtDtls/PrepmtCmonData/CmltvAmt,Document/ScrtstnNonAsstBckdComrclPprUndrlygXpsrRpt/NewCrrctn/ScrtstnRpt/UndrlygXpsrRcrd/UndrlygXpsrData/ResdtlRealEsttLn/PrfrmgLn/UndrlygXpsrCmonData/PrfrmncDtls/PrepmtDtls/PrepmtCmonData/CmltvAmt,workbook PATH -> <CmltvAmt>; legacy reads full path incl. leaf; wide one-row-per-loan; singleton Coll (no repeating collateral),legacy path validates against XSD tree,matches_xsd,retained: workbook path matches the XSD path map,low,workbook + XSD agree
RREL65,date_of_repurchase,Document/ScrtstnNonAsstBckdComrclPprUndrlygXpsrRpt/NewCrrctn/ScrtstnRpt/UndrlygXpsrRcrd/UndrlygXpsrData/ResdtlRealEsttLn/PrfrmgLn/UndrlygXpsrCmonData/PrfrmncDtls/GnlAttrbts/RstrgDt,Document/ScrtstnNonAsstBckdComrclPprUndrlygXpsrRpt/NewCrrctn/ScrtstnRpt/UndrlygXpsrRcrd/UndrlygXpsrData/ResdtlRealEsttLn/PrfrmgLn/UndrlygXpsrCmonData/PrfrmncDtls/GnlAttrbts/RstrgDt,workbook PATH -> <RstrgDt>; legacy reads full path incl. leaf; wide one-row-per-loan; singleton Coll (no repeating collateral),legacy path validates against XSD tree,matches_xsd,retained: workbook path matches the XSD path map,low,workbook + XSD agree
RREL66,date_last_in_arrears,Document/ScrtstnNonAsstBckdComrclPprUndrlygXpsrRpt/NewCrrctn/ScrtstnRpt/UndrlygXpsrRcrd/UndrlygXpsrData/ResdtlRealEsttLn/PrfrmgLn/UndrlygXpsrCmonData/PrfrmncDtls/ArrearsDtls/DtLastInArrears,Document/ScrtstnNonAsstBckdComrclPprUndrlygXpsrRpt/NewCrrctn/ScrtstnRpt/UndrlygXpsrRcrd/UndrlygXpsrData/ResdtlRealEsttLn/PrfrmgLn/UndrlygXpsrCmonData/PrfrmncDtls/ArrearsDtls/DtLastInArrears,workbook PATH -> <DtLastInArrears>; legacy reads full path incl. leaf; wide one-row-per-loan; singleton Coll (no repeating collateral),legacy path validates against XSD tree,matches_xsd,retained: workbook path matches the XSD path map,low,workbook + XSD agree
RREL67,arrears_balance,Document/ScrtstnNonAsstBckdComrclPprUndrlygXpsrRpt/NewCrrctn/ScrtstnRpt/UndrlygXpsrRcrd/UndrlygXpsrData/ResdtlRealEsttLn/PrfrmgLn/UndrlygXpsrCmonData/PrfrmncDtls/ArrearsDtls/ArrearsBal/Amt,,workbook PATH -> <Amt>; legacy reads full path incl. leaf; wide one-row-per-loan; singleton Coll (no repeating collateral),legacy path validates against XSD tree,could_upgrade_path_map_after_review,upgrade path map to inferred_high_confidence after manual review,medium,legacy/workbook offers an XSD-valid candidate the path map lacks
RREL68,number_of_days_in_arrears,Document/ScrtstnNonAsstBckdComrclPprUndrlygXpsrRpt/NewCrrctn/ScrtstnRpt/UndrlygXpsrRcrd/UndrlygXpsrData/ResdtlRealEsttLn/PrfrmgLn/UndrlygXpsrCmonData/PrfrmncDtls/ArrearsDtls/NbOfDaysInArrears,Document/ScrtstnNonAsstBckdComrclPprUndrlygXpsrRpt/NewCrrctn/ScrtstnRpt/UndrlygXpsrRcrd/UndrlygXpsrData/ResdtlRealEsttLn/PrfrmgLn/UndrlygXpsrCmonData/PrfrmncDtls/ArrearsDtls/NbOfDaysInArrears,workbook PATH -> <NbOfDaysInArrears>; legacy reads full path incl. leaf; wide one-row-per-loan; singleton Coll (no repeating collateral),legacy path validates against XSD tree,matches_xsd,retained: workbook path matches the XSD path map,low,workbook + XSD agree
RREL69,account_status,Document/ScrtstnNonAsstBckdComrclPprUndrlygXpsrRpt/NewCrrctn/ScrtstnRpt/UndrlygXpsrRcrd/UndrlygXpsrData/ResdtlRealEsttLn/PrfrmgLn/UndrlygXpsrCmonData/PrfrmncDtls/GnlAttrbts/AcctSts,Document/ScrtstnNonAsstBckdComrclPprUndrlygXpsrRpt/NewCrrctn/ScrtstnRpt/UndrlygXpsrRcrd/UndrlygXpsrData/ResdtlRealEsttLn/PrfrmgLn/UndrlygXpsrCmonData/PrfrmncDtls/GnlAttrbts/AcctSts,workbook PATH -> <AcctSts>; legacy reads full path incl. leaf; wide one-row-per-loan; singleton Coll (no repeating collateral),legacy path validates against XSD tree,matches_xsd,retained: workbook path matches the XSD path map,low,workbook + XSD agree
RREL70,reason_for_default_or_foreclosure,Document/ScrtstnNonAsstBckdComrclPprUndrlygXpsrRpt/NewCrrctn/ScrtstnRpt/UndrlygXpsrRcrd/UndrlygXpsrData/ResdtlRealEsttLn/PrfrmgLn/UndrlygXpsrCmonData/PrfrmncDtls/DfltDtls/CmonData/DfltOrFrclsrRsn,Document/ScrtstnNonAsstBckdComrclPprUndrlygXpsrRpt/NewCrrctn/ScrtstnRpt/UndrlygXpsrRcrd/UndrlygXpsrData/ResdtlRealEsttLn/PrfrmgLn/UndrlygXpsrCmonData/PrfrmncDtls/DfltDtls/CmonData/DfltOrFrclsrRsn,workbook PATH -> <DfltOrFrclsrRsn>; legacy reads full path incl. leaf; wide one-row-per-loan; singleton Coll (no repeating collateral),legacy path validates against XSD tree,matches_xsd,retained: workbook path matches the XSD path map,low,workbook + XSD agree
RREL71,default_amount,Document/ScrtstnNonAsstBckdComrclPprUndrlygXpsrRpt/NewCrrctn/ScrtstnRpt/UndrlygXpsrRcrd/UndrlygXpsrData/ResdtlRealEsttLn/PrfrmgLn/UndrlygXpsrCmonData/PrfrmncDtls/DfltDtls/CmonData/GrssDflt,Document/ScrtstnNonAsstBckdComrclPprUndrlygXpsrRpt/NewCrrctn/ScrtstnRpt/UndrlygXpsrRcrd/UndrlygXpsrData/ResdtlRealEsttLn/PrfrmgLn/UndrlygXpsrCmonData/PrfrmncDtls/DfltDtls/CmonData/GrssDflt,workbook PATH -> <GrssDflt>; legacy reads full path incl. leaf; wide one-row-per-loan; singleton Coll (no repeating collateral),legacy path validates against XSD tree,matches_xsd,retained: workbook path matches the XSD path map,low,workbook + XSD agree
RREL72,default_date,Document/ScrtstnNonAsstBckdComrclPprUndrlygXpsrRpt/NewCrrctn/ScrtstnRpt/UndrlygXpsrRcrd/UndrlygXpsrData/ResdtlRealEsttLn/PrfrmgLn/UndrlygXpsrCmonData/PrfrmncDtls/DfltDtls/CmonData/DtOfDflt,Document/ScrtstnNonAsstBckdComrclPprUndrlygXpsrRpt/NewCrrctn/ScrtstnRpt/UndrlygXpsrRcrd/UndrlygXpsrData/ResdtlRealEsttLn/PrfrmgLn/UndrlygXpsrCmonData/PrfrmncDtls/DfltDtls/CmonData/DtOfDflt,workbook PATH -> <DtOfDflt>; legacy reads full path incl. leaf; wide one-row-per-loan; singleton Coll (no repeating collateral),legacy path validates against XSD tree,matches_xsd,retained: workbook path matches the XSD path map,low,workbook + XSD agree
RREL73,allocated_losses,Document/ScrtstnNonAsstBckdComrclPprUndrlygXpsrRpt/NewCrrctn/ScrtstnRpt/UndrlygXpsrRcrd/UndrlygXpsrData/ResdtlRealEsttLn/PrfrmgLn/UndrlygXpsrCmonData/PrfrmncDtls/DfltDtls/RcvrsData/AllctdLoss,Document/ScrtstnNonAsstBckdComrclPprUndrlygXpsrRpt/NewCrrctn/ScrtstnRpt/UndrlygXpsrRcrd/UndrlygXpsrData/ResdtlRealEsttLn/PrfrmgLn/UndrlygXpsrCmonData/PrfrmncDtls/DfltDtls/RcvrsData/AllctdLoss,workbook PATH -> <AllctdLoss>; legacy reads full path incl. leaf; wide one-row-per-loan; singleton Coll (no repeating collateral),legacy path validates against XSD tree,matches_xsd,retained: workbook path matches the XSD path map,low,workbook + XSD agree
RREL74,cumulative_recoveries,Document/ScrtstnNonAsstBckdComrclPprUndrlygXpsrRpt/NewCrrctn/ScrtstnRpt/UndrlygXpsrRcrd/UndrlygXpsrData/ResdtlRealEsttLn/PrfrmgLn/UndrlygXpsrCmonData/PrfrmncDtls/DfltDtls/RcvrsData/CmltvRcvrs,Document/ScrtstnNonAsstBckdComrclPprUndrlygXpsrRpt/NewCrrctn/ScrtstnRpt/UndrlygXpsrRcrd/UndrlygXpsrData/ResdtlRealEsttLn/PrfrmgLn/UndrlygXpsrCmonData/PrfrmncDtls/DfltDtls/RcvrsData/CmltvRcvrs,workbook PATH -> <CmltvRcvrs>; legacy reads full path incl. leaf; wide one-row-per-loan; singleton Coll (no repeating collateral),legacy path validates against XSD tree,matches_xsd,retained: workbook path matches the XSD path map,low,workbook + XSD agree
RREL75,litigation,Document/ScrtstnNonAsstBckdComrclPprUndrlygXpsrRpt/NewCrrctn/ScrtstnRpt/UndrlygXpsrRcrd/UndrlygXpsrData/ResdtlRealEsttLn/PrfrmgLn/UndrlygXpsrCmonData/PrfrmncDtls/DfltDtls/Ltgtn,Document/ScrtstnNonAsstBckdComrclPprUndrlygXpsrRpt/NewCrrctn/ScrtstnRpt/UndrlygXpsrRcrd/UndrlygXpsrData/ResdtlRealEsttLn/PrfrmgLn/UndrlygXpsrCmonData/PrfrmncDtls/DfltDtls/Ltgtn,workbook PATH -> <Ltgtn>; legacy reads full path incl. leaf; wide one-row-per-loan; singleton Coll (no repeating collateral),legacy path validates against XSD tree,matches_xsd,retained: workbook path matches the XSD path map,low,workbook + XSD agree
RREL76,recourse,Document/ScrtstnNonAsstBckdComrclPprUndrlygXpsrRpt/NewCrrctn/ScrtstnRpt/UndrlygXpsrRcrd/UndrlygXpsrData/ResdtlRealEsttLn/PrfrmgLn/UndrlygXpsrCmonData/RskDtls/Rcrs,Document/ScrtstnNonAsstBckdComrclPprUndrlygXpsrRpt/NewCrrctn/ScrtstnRpt/UndrlygXpsrRcrd/UndrlygXpsrData/ResdtlRealEsttLn/PrfrmgLn/UndrlygXpsrCmonData/RskDtls/Rcrs,workbook PATH -> <Rcrs>; legacy reads full path incl. leaf; wide one-row-per-loan; singleton Coll (no repeating collateral),legacy path validates against XSD tree,matches_xsd,retained: workbook path matches the XSD path map,low,workbook + XSD agree
RREL77,deposit_amount,Document/ScrtstnNonAsstBckdComrclPprUndrlygXpsrRpt/NewCrrctn/ScrtstnRpt/UndrlygXpsrRcrd/UndrlygXpsrData/ResdtlRealEsttLn/PrfrmgLn/UndrlygXpsrCmonData/RskDtls/Dpst,Document/ScrtstnNonAsstBckdComrclPprUndrlygXpsrRpt/NewCrrctn/ScrtstnRpt/UndrlygXpsrRcrd/UndrlygXpsrData/ResdtlRealEsttLn/PrfrmgLn/UndrlygXpsrCmonData/RskDtls/Dpst,workbook PATH -> <Dpst>; legacy reads full path incl. leaf; wide one-row-per-loan; singleton Coll (no repeating collateral),legacy path validates against XSD tree,matches_xsd,retained: workbook path matches the XSD path map,low,workbook + XSD agree
RREL78,insurance_or_investment_provider,Document/ScrtstnNonAsstBckdComrclPprUndrlygXpsrRpt/NewCrrctn/ScrtstnRpt/UndrlygXpsrRcrd/UndrlygXpsrData/ResdtlRealEsttLn/PrfrmgLn/UndrlygXpsrCmonData/RskDtls/InsrncOrInvstmtPrvdr,Document/ScrtstnNonAsstBckdComrclPprUndrlygXpsrRpt/NewCrrctn/ScrtstnRpt/UndrlygXpsrRcrd/UndrlygXpsrData/ResdtlRealEsttLn/PrfrmgLn/UndrlygXpsrCmonData/RskDtls/InsrncOrInvstmtPrvdr,workbook PATH -> <InsrncOrInvstmtPrvdr>; legacy reads full path incl. leaf; wide one-row-per-loan; singleton Coll (no repeating collateral),legacy path validates against XSD tree,matches_xsd,retained: workbook path matches the XSD path map,low,workbook + XSD agree
RREL79,original_lender_name,Document/ScrtstnNonAsstBckdComrclPprUndrlygXpsrRpt/NewCrrctn/ScrtstnRpt/UndrlygXpsrRcrd/UndrlygXpsrData/ResdtlRealEsttLn/PrfrmgLn/UndrlygXpsrCmonData/InstnlDtls/OrgnlLndr/Nm,Document/ScrtstnNonAsstBckdComrclPprUndrlygXpsrRpt/NewCrrctn/ScrtstnRpt/UndrlygXpsrRcrd/UndrlygXpsrData/ResdtlRealEsttLn/PrfrmgLn/UndrlygXpsrCmonData/InstnlDtls/OrgnlLndr/Nm,workbook PATH -> <Nm>; legacy reads full path incl. leaf; wide one-row-per-loan; singleton Coll (no repeating collateral),legacy path validates against XSD tree,matches_xsd,retained: workbook path matches the XSD path map,low,workbook + XSD agree
RREL80,original_lender_legal_entity_identifier,Document/ScrtstnNonAsstBckdComrclPprUndrlygXpsrRpt/NewCrrctn/ScrtstnRpt/UndrlygXpsrRcrd/UndrlygXpsrData/ResdtlRealEsttLn/PrfrmgLn/UndrlygXpsrCmonData/InstnlDtls/OrgnlLndr/LEICd,Document/ScrtstnNonAsstBckdComrclPprUndrlygXpsrRpt/NewCrrctn/ScrtstnRpt/UndrlygXpsrRcrd/UndrlygXpsrData/ResdtlRealEsttLn/PrfrmgLn/UndrlygXpsrCmonData/InstnlDtls/OrgnlLndr/LEICd,workbook PATH -> <LEICd>; legacy reads full path incl. leaf; wide one-row-per-loan; singleton Coll (no repeating collateral),legacy path validates against XSD tree,matches_xsd,retained: workbook path matches the XSD path map,low,workbook + XSD agree
RREL81,original_lender_establishment_country,Document/ScrtstnNonAsstBckdComrclPprUndrlygXpsrRpt/NewCrrctn/ScrtstnRpt/UndrlygXpsrRcrd/UndrlygXpsrData/ResdtlRealEsttLn/PrfrmgLn/UndrlygXpsrCmonData/InstnlDtls/OrgnlLndr/CtryOfDmcl,Document/ScrtstnNonAsstBckdComrclPprUndrlygXpsrRpt/NewCrrctn/ScrtstnRpt/UndrlygXpsrRcrd/UndrlygXpsrData/ResdtlRealEsttLn/PrfrmgLn/UndrlygXpsrCmonData/InstnlDtls/OrgnlLndr/CtryOfDmcl,workbook PATH -> <CtryOfDmcl>; legacy reads full path incl. leaf; wide one-row-per-loan; singleton Coll (no repeating collateral),legacy path validates against XSD tree,matches_xsd,retained: workbook path matches the XSD path map,low,workbook + XSD agree
RREL82,originator_name,Document/ScrtstnNonAsstBckdComrclPprUndrlygXpsrRpt/NewCrrctn/ScrtstnRpt/UndrlygXpsrRcrd/UndrlygXpsrData/ResdtlRealEsttLn/PrfrmgLn/UndrlygXpsrCmonData/InstnlDtls/Orgtr/Nm,Document/ScrtstnNonAsstBckdComrclPprUndrlygXpsrRpt/NewCrrctn/ScrtstnRpt/UndrlygXpsrRcrd/UndrlygXpsrData/ResdtlRealEsttLn/PrfrmgLn/UndrlygXpsrCmonData/InstnlDtls/Orgtr/Nm,workbook PATH -> <Nm>; legacy reads full path incl. leaf; wide one-row-per-loan; singleton Coll (no repeating collateral),legacy path validates against XSD tree,matches_xsd,retained: workbook path matches the XSD path map,low,workbook + XSD agree
RREL83,originator_legal_entity_identifier,Document/ScrtstnNonAsstBckdComrclPprUndrlygXpsrRpt/NewCrrctn/ScrtstnRpt/UndrlygXpsrRcrd/UndrlygXpsrData/ResdtlRealEsttLn/PrfrmgLn/UndrlygXpsrCmonData/InstnlDtls/Orgtr/LEI,,workbook PATH -> <LEI>; legacy reads full path incl. leaf; wide one-row-per-loan; singleton Coll (no repeating collateral),legacy path validates against XSD tree,could_upgrade_path_map_after_review,upgrade path map to inferred_high_confidence after manual review,medium,legacy/workbook offers an XSD-valid candidate the path map lacks
RREL84,originator_establishment_country,Document/ScrtstnNonAsstBckdComrclPprUndrlygXpsrRpt/NewCrrctn/ScrtstnRpt/UndrlygXpsrRcrd/UndrlygXpsrData/ResdtlRealEsttLn/PrfrmgLn/UndrlygXpsrCmonData/InstnlDtls/Orgtr/CtryOfDmcl,Document/ScrtstnNonAsstBckdComrclPprUndrlygXpsrRpt/NewCrrctn/ScrtstnRpt/UndrlygXpsrRcrd/UndrlygXpsrData/ResdtlRealEsttLn/PrfrmgLn/UndrlygXpsrCmonData/InstnlDtls/Orgtr/CtryOfDmcl,workbook PATH -> <CtryOfDmcl>; legacy reads full path incl. leaf; wide one-row-per-loan; singleton Coll (no repeating collateral),legacy path validates against XSD tree,matches_xsd,retained: workbook path matches the XSD path map,low,workbook + XSD agree
